-- 以下から持ってきたものを使っています
-- <https://gitlab.adways.net/appdriver/docker/-/tree/master/mysql/tachyon/init>

use tachyon;

start transaction;

INSERT INTO `tachyon`.`ow` (`ow_id`, `media_id`, `layout_pattern`, `special_point_name`, `is_disabled_text`, `is_disabled_special_banner`, `is_disabled_header_banner`, `is_disabled_footer_banner`, `color_of_header`, `color_of_background`, `color_of_font`, `color_of_frame`, `color_of_detail_button`, `last_update`, `create_time`) VALUES ('1', '1', '1', '1魔法石', '0', '0', '0', '0', '4', '27', '000000', '16', '32', '2018-01-18 22:39:30', '2015-09-14 23:30:00');

INSERT INTO `tachyon`.`ow_tab_menu` (`ow_tab_menu_id`, `media_id`, `type`, `menu_id`, `start_time`, `end_time`, `priority`, `is_disabled`, `last_update`, `create_time`) VALUES ('1', '1', 'feature', '999', '2010-01-01 00:00:00', '2100-01-01 00:00:00', '1', '0', '2015-10-22 11:44:45', '2015-09-14 23:27:17');
INSERT INTO `tachyon`.`ow_tab_menu` (`ow_tab_menu_id`, `media_id`, `type`, `menu_id`, `start_time`, `end_time`, `priority`, `is_disabled`, `last_update`, `create_time`) VALUES ('2', '1', 'menu', '9', '2010-01-01 00:00:00', '2100-01-01 00:00:00', '2', '0', '2016-12-05 15:29:10', '2015-09-14 23:27:17');
INSERT INTO `tachyon`.`ow_tab_menu` (`ow_tab_menu_id`, `media_id`, `type`, `menu_id`, `start_time`, `end_time`, `priority`, `is_disabled`, `last_update`, `create_time`) VALUES ('3', '1', 'menu', '1', '2010-01-01 00:00:00', '2100-01-01 00:00:00', '3', '0', '2016-12-05 15:29:10', '2015-09-14 23:27:17');
INSERT INTO `tachyon`.`ow_tab_menu` (`ow_tab_menu_id`, `media_id`, `type`, `menu_id`, `start_time`, `end_time`, `priority`, `is_disabled`, `last_update`, `create_time`) VALUES ('4', '1', 'menu', '8', '2010-01-01 00:00:00', '2100-01-01 00:00:00', '4', '0', '2015-09-14 23:30:00', '2015-09-14 23:27:17');

INSERT INTO `tachyon`.`feature` (`feature_id`, `name`, `person_in_charge`, `layout_pattern`, `special_point_name`, `display_pattern`, `start_time`, `end_time`, `is_disabled_text`, `text_content`, `is_disabled_special_banner`, `is_disabled_tab_menu`, `tab_menu_content`, `is_disabled_header_banner`, `campaign_setting_type`, `requisite_id`, `campaign_ids`, `is_disabled_gross_limit`, `media_setting_type`, `media_ids`, `color_of_header`, `color_of_background`, `color_of_font`, `color_of_frame`, `color_of_detail_button`, `is_disabled`, `last_update`, `create_time`) VALUES ('1', 'test特集', '', '1', '', '1', '2018-05-10 00:00:00', '2100-01-01 00:00:00', '0', 'test', '0', '0', 'test', '0', '1', '0', '16,2,8,12,13,1,3,4,5,6,7,9,10,11,14,15', '0', '1', '2,3,4,1,5,6,7,8,9,10,11,12,13,14,15,16,17', '5', '27', '000000', '18', '30', '0', '2019-04-04 17:25:06', '2018-05-10 16:24:05');
INSERT INTO `tachyon`.`feature` (`feature_id`, `name`, `person_in_charge`, `layout_pattern`, `special_point_name`, `display_pattern`, `start_time`, `end_time`, `is_disabled_text`, `text_content`, `is_disabled_special_banner`, `is_disabled_tab_menu`, `tab_menu_content`, `is_disabled_header_banner`, `campaign_setting_type`, `requisite_id`, `campaign_ids`, `is_disabled_gross_limit`, `media_setting_type`, `media_ids`, `color_of_header`, `color_of_background`, `color_of_font`, `color_of_frame`, `color_of_detail_button`, `is_disabled`, `last_update`, `create_time`) VALUES ('2', '特集テスト', '古川剛', '2', 'Tポイント', '1', '2018-10-02 00:00:00', '2100-01-01 00:00:00', '0', '特集テスト', '1', '0', '特集テスト', '0', '1', '0', '11,93,91,1,2,3,4,5,6,7,8,9,10', '0', '1', '1,2,3,4,5,6,7,8,9,10,11', '5', '27', '000000', '18', '30', '0', '2019-04-04 17:25:06', '2018-10-02 22:08:18');
INSERT INTO `tachyon`.`feature` (`feature_id`, `name`, `person_in_charge`, `layout_pattern`, `special_point_name`, `display_pattern`, `start_time`, `end_time`, `is_disabled_text`, `is_disabled_special_banner`, `is_disabled_tab_menu`, `tab_menu_content`, `is_disabled_header_banner`, `campaign_setting_type`, `requisite_id`, `campaign_ids`, `is_disabled_gross_limit`, `media_setting_type`, `color_of_header`, `color_of_background`, `color_of_font`, `color_of_frame`, `color_of_detail_button`, `is_disabled`, `last_update`, `create_time`) VALUES ('3', 'テスト特集', '', '1', '', '1', '2019-01-18 00:00:00', '2100-01-01 00:00:00', '1', '1', '0', '特集テスト', '1', '1', '0', '1,2,3,4,5,6,7,8', '0', '1', '5', '27', '000000', '18', '30', '1', '2019-04-04 17:25:06', '2019-01-18 13:45:05');

INSERT INTO `tachyon`.`feature_advertisement` (`feature_id`, `campaign_id`, `advertisement_id`, `priority`, `last_update`, `create_time`) VALUES ('2', '3', '3', '6', '2018-11-07 19:40:41', '2018-11-07 19:40:41');

INSERT INTO `tachyon`.`feature_media` (`feature_id`, `media_id`, `is_disabled`, `last_update`, `create_time`) VALUES ('1', '1', '0', '2018-11-07 19:42:44', '2018-11-07 19:42:44');
INSERT INTO `tachyon`.`feature_media` (`feature_id`, `media_id`, `is_disabled`, `last_update`, `create_time`) VALUES ('2', '1', '0', '2018-11-07 19:40:41', '2018-11-07 19:40:41');

-- -----------------------------------------------------
-- Data for table `partner`
-- -----------------------------------------------------
insert into `partner` (`partner_id`, `name`, `company`, `contact`, `contact_in_kana`, `mail`, `telephone`, `status`, `trade_id`, `identifier`, `password`, `url`) values
(1, '株式会社アドウェイズ', '株式会社アドウェイズ', '梶原良太', 'カジワラリョウタ', 'kajiwara.ryota@adways.net', '353397162', '1', '14325', 'adways', MD5('adways'), 'http://adways.net/'),
(2, '株式会社スマートC', '株式会社スマートC', '藤間大輔', 'フジマダイスケ', 'fujima.daisuke@adways.net', '573894755', '1', '65435', 'smartc', MD5('smartc'), 'http.//smart-c.net/'),
(3, '株式会社ジャネット', '株式会社ジャネット', '岡田政治', 'オカダセイジ', 'okada.seiji@adways.net', '654645365', '1', '73654', 'janet', MD5('janet'), 'http://janet.net/'),
(4, '株式会社アドナ', '株式会社アドナ', '今野浩之', 'コンノヒロユキ', 'konno.hiroyuki@adways.net', '654634646', '1', '93653', 'adna', MD5('adna'), 'http://adna.net/');

-- -----------------------------------------------------
-- Data for table `partner_as_payee`
-- -----------------------------------------------------
insert into `partner_as_payee` (`partner_id`, `staff`, `auth_user_id`, `bank`, `branch`, `branch_in_kana`, `account_type`, `account_number`, `name_in_kana`) values
(1, '谷内　亮介', '206', 'みずほ銀行', '上野支店', 'ウエノシテン', '1', '0000000', 'カジワラリョウタ'),
(2, '清水　洋一', '156', '新生銀行', '本店', 'ホンテン', '1', '9999999', 'フジマダイスケ');

-- -----------------------------------------------------
-- Data for table `payee`
-- -----------------------------------------------------
insert into `payee` (`payee_id`, `name`, `means`, `bank_name`, `branch_name`, `account_type`, `account_number`, `account_name_in_kana`) values
(1, '株式会社メディア', 1, 'みずほ銀行', '上野支店', 1, '0000001', 'カ）メディア'),
(2, '株式会社M代理店', 1, '三菱東京UFJ銀行', '新宿支店', 1, '0000002', 'カ）エムダイリテン'),
(3, '株式会社C代理店', 1, '三井住友銀行', '渋谷支店', 1, '0000003', 'カ）シーダイリテン');

-- -----------------------------------------------------
-- Data for table `partner_as_payor`
-- -----------------------------------------------------
insert into `partner_as_payor` (`partner_id`, `staff`, `auth_user_id`) values
(1, '本田　裕子', 128),
(2, '村田　佳朗', 141),
(3, '本田　裕子', 128),
(4, '清水　優',  245);

-- -----------------------------------------------------
-- Data for table `site`
-- -----------------------------------------------------
insert into `site` (`site_id`, `partner_id`, `name`, `url`, `status`, `supplier_id`, `platform_id`, `market_id`, `category_id`, `description`, `cipher`) values
(1, 1, 'アドブックス', 'http://www.adways.net', 1, 1, 2, NULL, 1, 'アドブックスの説明', UNHEX('1234567890abcdef1234567890abcdef')),
(2, 1, 'ウォーロック', 'http://www.adways.net', 1, 1, 3, 1, 49, 'ウォーロックの説明', UNHEX('1234567890abcdef1234567890abcdef')),
(3, 2, 'グランツーリスモ', 'http://www.adways.net', 1, 1, 2, NULL, 6, 'グランツーリスモの説明', UNHEX('1234567890abcdef1234567890abcdef')),
(4, 2, 'カイブツライフ', 'http://www.adways.net', 1, 1, 3, 1, 38, 'カイブツライフの説明', UNHEX('1234567890abcdef1234567890abcdef')),
(5, 3, 'FFIII', 'http://www.adways.net', 1, 1, 2, NULL, 6, 'FFIIIの説明', UNHEX('1234567890abcdef1234567890abcdef')),
(6, 3, '懐中電灯', 'http://www.adways.net', 1, 1, 3, 1, 44, '懐中電灯の説明', UNHEX('1234567890abcdef1234567890abcdef')),
(7, 4, '英単語DX', 'http://www.adways.net', 1, 1, 2, NULL, 3, '英単語DXの説明', UNHEX('1234567890abcdef1234567890abcdef')),
(8, 4, '翻訳ツール', 'http://www.adways.net', 1,1, 3, 1, 44, '翻訳ツールの説明', UNHEX('1234567890abcdef1234567890abcdef')),
(9, 1, 'R3_Universal', 'http://www.adways.net', 1,1, 1, NULL, 21, 'R3_Universalの説明', UNHEX('1234567890abcdef1234567890abcdef')),
(10, 3, 'R3_iOS', 'http://www.adways.net', 1, 1, 2, NULL, 1, 'R3_iOSの説明', UNHEX('1234567890abcdef1234567890abcdef')),
(11, 3, 'R3_Android', 'http://www.adways.net', 1, 1, 3, 1, 38, 'R3_Androidの説明',  UNHEX('1234567890abcdef1234567890abcdef')),
(12, 3, 'リワプラ', 'http://www.adways.net', 1, 2, 1, NULL, 21, 'リワプラの説明',  UNHEX('1234567890abcdef1234567890abcdef')),
(1000, 1000, 'E2Eテスト広告', 'http://www.adways.net', 1, 1, 2, NULL, 1, 'E2Eテスト用(ow-api)', UNHEX('1234567890abcdef1234567890abcdef')),
(1001, 1000, 'E2Eテスト広告2', 'http://www.adways.net', 1, 1, 2, NULL, 1, 'E2Eテスト用(ow-api)', UNHEX('1234567890abcdef1234567890abcdef')),
(1002, 1001, 'E2Eテストメディア', 'http://www.adways.net', 1, 1, 2, NULL, 1, 'E2Eテスト用(ow-api)', UNHEX('1234567890abcdef1234567890abcdef'));

-- -----------------------------------------------------
-- Data for table `timesale`
-- -----------------------------------------------------
insert into `timesale` (`timesale_id`, `campaign_id`, `media_id`, `priority`, `start_time`, `end_time`, `auth_user_id`, `create_at`, `update_at`) values
(1000, 1000, 1000, 1, '2019-01-01 00:00:00', '2999-12-31 23:59:59', 1, '2019-01-01 00:00:00', '2019-04-01 00:00:00'),
(1001, 1001, 1000, 2, '2019-01-01 00:00:00', '2999-12-31 23:59:59', 1, '2019-01-01 00:00:00', '2019-04-01 00:00:00');

-- -----------------------------------------------------
-- Data for table `media`
-- -----------------------------------------------------
insert into `media` (`media_id`, `site_id`, `is_approved`, `mode`, `margin`, `payee_id`, `additional_margin`, `additional_payee_id`, `exchange`, `callback`, `role`) values
(1, 1, 1, 15, '0.8', '1', '0.1', '2', '1', 'http://example.com', 'General'),
(2, 2, 1, 15, '0.8', '1', '0.05', '2', '10', 'http://example.com', 'General'),
(3, 3, 1, 0, '0.7', '1', '0', '0', '0.8', 'http://example.com', 'General'),
(4, 4, 1, 0, '0.9', '1', '0', '0', '0.5', 'http://example.com', 'General'),
(5, 9, 1, 15, '0.8', '1', '0.1', '2', '1', 'http://example.com', 'General'),
(1000, 1002, 1, 15, '0.8', '1', '0.1', '2', '1', 'http://example.com', 'General');

-- -----------------------------------------------------
-- Data for table `media_category`
-- -----------------------------------------------------
insert into `media_category` (`media_id`, `category_id`) values
(1, 1),
(1, 2),
(1, 3),
(1, 4),
(1, 5),
(1, 6),
(1, 7),
(1, 8),
(1, 9),
(1, 10),
(1, 11),
(1, 12),
(1, 13),
(1, 14),
(1, 15),
(1, 16),
(1, 17),
(1, 18),
(1, 19),
(1, 20),
(1, 21),
(1, 22),
(1, 23),
(1, 24),
(1, 25),
(1, 26),
(1, 27),
(1, 28),
(1, 29),
(1, 30),
(1, 31),
(1, 32),
(1, 33),
(1, 34),
(1, 35),
(1, 36),
(1, 37),
(2, 21),
(2, 22),
(2, 23),
(2, 24),
(2, 25),
(2, 26),
(2, 27),
(2, 28),
(2, 29),
(2, 30),
(2, 31),
(2, 32),
(2, 33),
(2, 34),
(2, 35),
(2, 36),
(2, 37),
(2, 38),
(2, 39),
(2, 40),
(2, 41),
(2, 42),
(2, 43),
(2, 44),
(2, 45),
(2, 46),
(2, 47),
(2, 48),
(2, 49),
(2, 50),
(2, 51),
(2, 52),
(2, 53),
(2, 54),
(2, 55),
(2, 56),
(3, 1),
(3, 2),
(3, 3),
(3, 4),
(3, 5),
(3, 6),
(3, 7),
(3, 8),
(3, 9),
(3, 10),
(3, 11),
(3, 12),
(3, 13),
(3, 14),
(3, 15),
(3, 16),
(3, 17),
(3, 18),
(3, 19),
(3, 20),
(4, 1),
(4, 2),
(4, 3),
(4, 4),
(4, 5),
(4, 6),
(4, 7),
(4, 8),
(4, 9),
(4, 10),
(4, 11),
(4, 12),
(4, 13),
(4, 14),
(4, 15),
(4, 16),
(4, 17),
(4, 18),
(4, 19),
(4, 20),
(5, 1),(5, 2),(5, 3),(5, 4),(5, 5),(5, 6),(5, 7),(5, 8),(5, 9),(5, 10),
(5, 11),(5, 12),(5, 13),(5, 14),(5, 15),(5, 16),(5, 17),(5, 18),(5, 19),(5, 20),
(5, 21),(5, 22),(5, 23),(5, 24),(5, 25),(5, 26),(5, 27),(5, 28),(5, 29),(5, 30),
(5, 31),(5, 32),(5, 33),(5, 34),(5, 35),(5, 36),(5, 37),(5, 38),(5, 39),(5, 40),
(5, 41),(5, 42),(5, 43),(5, 44),(5, 45),(5, 46),(5, 47),(5, 48),(5, 49),(5, 50),
(5, 51),(5, 52),(5, 53),(5, 54),(5, 55),(5, 56);

-- -----------------------------------------------------
-- Data for table `media_platform`
-- -----------------------------------------------------
insert into `media_platform` (`media_id`, `platform_id`) values
(1, 1),
(1, 2),
(2, 1),
(2, 3),
(5, 1),
(5, 2),
(5, 3);

-- -----------------------------------------------------
-- Data for table `media_supplier`
-- -----------------------------------------------------
insert into `media_supplier` (`media_id`, `supplier_id`) values
(1, 1),
(1, 2),
(2, 1),
(2, 2),
(5, 1),
(5, 2);

-- -----------------------------------------------------
-- Data for table `campaign`
-- -----------------------------------------------------
insert into `campaign` (`campaign_id`, `site_id`, `location`, `status`, `budget`, `additional_margin`, `additional_payee_id`, `draft`, `advertisement_id`) values
(1, 5, 'http://www.adways.net/', 1, '1500000', NULL, NULL, 'テスト原稿1', 1),
(2, 6, 'http://www.adways.net/', 1, '200000', NULL, NULL, 'テスト原稿2', 2),
(3, 7, 'http://www.adways.net/', 1, '10000000', '0.11', '3', 'テスト原稿3', 3),
(4, 8, 'http://www.adways.net/', 1, '12000', NULL, NULL, 'テスト原稿4', 4),
(5, 10, 'http://www.adways.net/', 1, '100000', NULL, NULL, 'テスト原稿5', 5),
(6, 11, 'http://www.adways.net/', 1, '100000', NULL, NULL, 'テスト原稿6', 6),
(7, 11, 'http://www.adways.net/', 1, '100000', NULL, NULL, 'テスト原稿7', 7),
(8, 12, 'http://www.adways.net/', 1, '100000', NULL, NULL, 'スグポあり', 8),
(9, 12, 'http://www.adways.net/', 1, '100000', NULL, NULL, 'スグポなし', 10),
(10, 12, 'http://www.adways.net/', 1, '100000', NULL, NULL, 'スグポのみ', 11),
(1000, 1000, 'http://www.adways.net/', 1, '1500000', NULL, NULL, 'E2Eテスト1', 1000),
(1001, 1001, 'http://www.adways.net/', 1, '1500000', NULL, NULL, 'E2Eテスト2', 1001);


-- -----------------------------------------------------
-- Data for table `budget`
-- -----------------------------------------------------
insert into `budget` (`campaign_id`, `start_time`, `end_time`, `budget`)
select campaign_id, start_time, end_time, budget
from campaign;

-- -----------------------------------------------------
-- Data for table `campaign_statistic`
-- -----------------------------------------------------
insert into `campaign_statistic` (`campaign_id`, `spending`) values
(1, 0),
(2, 0),
(3, 0),
(4, 0),
(5, 0),
(6, 0),
(7, 0),
(8, 0),
(9, 0),
(10, 0);

-- -----------------------------------------------------
-- Data for table `campaign_category`
-- -----------------------------------------------------
insert into `campaign_category` (`campaign_id`, `category_id`) values
(1, 4),
(1, 6),
(1, 18),
(2, 11),
(2, 19),
(3, 1),
(3, 2),
(3, 3),
(4, 21),
(4, 22),
(5, 1),(5, 2),(5, 3),(5, 4),(5, 5),(5, 6),(5, 7),(5, 8),(5, 9),(5, 10),
(5, 11),(5, 12),(5, 13),(5, 14),(5, 15),(5, 16),(5, 17),(5, 18),(5, 19),
(5, 20),(5, 21),(5, 22),(5, 23),(5, 24),(5, 25),(5, 26),(5, 27),(5, 28),(5, 29),
(5, 30),(5, 31),(5, 32),(5, 33),(5, 34),(5, 35),(5, 36),(5, 37),
(6, 21),(6, 22),(6, 23),(6, 24),(6, 25),(6, 26),(6, 27),(6, 28),(6, 29),(6, 30),
(6, 31),(6, 32),(6, 33),(6, 34),(6, 35),(6, 36),(6, 37),(6, 38),(6, 39),(6, 40),
(6, 41),(6, 42),(6, 43),(6, 44),(6, 45),(6, 46),(6, 47),(6, 48),(6, 49),(6, 50),
(6, 51),(6, 52),(6, 53),(6, 54),(6, 55),(6, 56);

-- -----------------------------------------------------
-- D9ata for table `campaign_distributor`
-- -----------------------------------------------------
insert into `campaign_distributor` (`campaign_id`, `distributor_id`) values
(1, 1),
(2, 1),
(3, 1), (3, 2),
(4, 1),
(5, 1), (5, 2),
(6, 1), (6, 2)
;
-- -----------------------------------------------------

-- Data for table `advertisement`
-- -----------------------------------------------------
insert into `advertisement` (`advertisement_id`, `campaign_id`, `identifier`, `name`, `requisite_id`, `offer`, `identifier_smartc`) values
(1, 1, 'install', 'インストール', 1, '650', '50000999'),
(2, 2, 'install', 'インストール', 1, '50', NULL),
(3, 3, 'install', 'インストール', 1, '150', NULL),
(4, 4, 'install', 'インストール', 1, '250', NULL),
(5, 5, 'install', 'インストール', 1, '200', NULL),
(6, 6, 'install', 'インストール', 1, '300', NULL),
(7, 7, 'install', 'インストール', 1, '500', NULL),
(8, 8, '303371-23292-910202', 'インストール', 1, '500', NULL),
(9, 8, '303371-23292-d', 'インストール', 1, '500', NULL),
(10, 9, '303341-23286-d', 'インストール', 1, '500', NULL),
(11, 10, '4661-21429-910202', 'インストール', 1, '500', NULL),
(12, 3, 'register', '会員登録', 2, '500', NULL),
(1000, 1000, 'install', 'インストール', 1, '500', NULL),
(1001, 1001, 'install', 'インストール', 1, '500', NULL);

-- -----------------------------------------------------
-- Data for table `alternative`
-- -----------------------------------------------------
insert into `alternative` (`advertisement_id`, `offer`, `media_id`, `margin`, `additional_margin`) values
(1, 650, 3, 0.7000, 0.0000),
(3, 150, 1, 0.8000, 0.1000),
(4, 250, 2, 0.8000, 0.0500),
(5, 200, 1, 0.8000, 0.1000),
(5, 200, 3, 0.7000, 0.0000),
(5, 200, 5, 0.8000, 0.1000),
(6, 300, 2, 0.8000, 0.0500),
(6, 300, 5, 0.8000, 0.1000),
(1000, 650, 1000, 0.7000, 0.0000),
(1001, 650, 1000, 0.7000, 0.0000);

-- -----------------------------------------------------
-- Data for table `report`
-- -----------------------------------------------------
insert into `report` (`report_id`, `date`, `media_id`, `campaign_id`, `view`, `click`, `achieve`, `earnings`, `expenses`) values
(1,'2010-07-01',1,1,'1254','132','13','8450','6760'),
(2,'2010-07-01',1,2,'1255','133','14','8451','6761'),
(3,'2010-07-01',1,3,'1256','134','15','8452','6762'),
(4,'2010-07-01',1,4,'1257','135','16','8453','6763'),
(5,'2010-07-01',2,1,'1258','136','17','8454','6764'),
(6,'2010-07-01',2,2,'1259','137','18','8455','6765'),
(7,'2010-07-01',2,3,'1260','138','19','8456','6766'),
(8,'2010-07-01',2,4,'1261','139','20','8457','6767'),
(9,'2010-07-01',3,1,'1262','140','21','8458','6768'),
(10,'2010-07-01',3,2,'1263','141','22','8459','6769'),
(11,'2010-07-01',3,3,'1264','142','23','8460','6770'),
(12,'2010-07-01',3,4,'1265','143','24','8461','6771'),
(13,'2010-07-01',4,1,'1266','144','25','8462','6772'),
(14,'2010-07-01',4,2,'1267','145','26','8463','6773'),
(15,'2010-07-01',4,3,'1268','146','27','8464','6774'),
(16,'2010-07-01',4,4,'1269','147','28','8465','6775'),
(17,'2010-07-02',1,1,'1270','148','29','8466','6776'),
(18,'2010-07-02',1,2,'1271','149','30','8467','6777'),
(19,'2010-07-02',1,3,'1272','150','31','8468','6778'),
(20,'2010-07-02',1,4,'1273','151','32','8469','6779'),
(21,'2010-07-02',2,1,'1274','152','33','8470','6780'),
(22,'2010-07-02',2,2,'1275','153','34','8471','6781'),
(23,'2010-07-02',2,3,'1276','154','35','8472','6782'),
(24,'2010-07-02',2,4,'1277','155','36','8473','6783'),
(25,'2010-07-02',3,1,'1278','156','37','8474','6784'),
(26,'2010-07-02',3,2,'1279','157','38','8475','6785'),
(27,'2010-07-02',3,3,'1280','158','39','8476','6786'),
(28,'2010-07-02',3,4,'1281','159','40','8477','6787'),
(29,'2010-07-02',4,1,'1282','160','41','8478','6788'),
(30,'2010-07-02',4,2,'1283','161','42','8479','6789'),
(31,'2010-07-02',4,3,'1284','162','43','8480','6790'),
(32,'2010-07-02',4,4,'1285','163','44','8481','6791'),
(33,'2010-07-03',1,1,'1286','164','45','8482','6792'),
(34,'2010-07-03',1,2,'1287','165','46','8483','6793'),
(35,'2010-07-03',1,3,'1288','166','47','8484','6794'),
(36,'2010-07-03',1,4,'1289','167','48','8485','6795'),
(37,'2010-07-03',2,1,'1290','168','49','8486','6796'),
(38,'2010-07-03',2,2,'1291','169','50','8487','6797'),
(39,'2010-07-03',2,3,'1292','170','51','8488','6798'),
(40,'2010-07-03',2,4,'1293','171','52','8489','6799'),
(41,'2010-07-03',3,1,'1294','172','53','8490','6800'),
(42,'2010-07-03',3,2,'1295','173','54','8491','6801'),
(43,'2010-07-03',3,3,'1296','174','55','8492','6802'),
(44,'2010-07-03',3,4,'1297','175','56','8493','6803'),
(45,'2010-07-03',4,1,'1298','176','57','8494','6804'),
(46,'2010-07-03',4,2,'1299','177','58','8495','6805'),
(47,'2010-07-03',4,3,'1300','178','59','8496','6806'),
(48,'2010-07-03',4,4,'1301','179','60','8497','6807'),
(49,'2010-07-04',1,1,'1302','180','61','8498','6808'),
(50,'2010-07-04',1,2,'1303','181','62','8499','6809'),
(51,'2010-07-04',1,3,'1304','182','63','8500','6810'),
(52,'2010-07-04',1,4,'1305','183','64','8501','6811'),
(53,'2010-07-04',2,1,'1306','184','65','8502','6812'),
(54,'2010-07-04',2,2,'1307','185','66','8503','6813'),
(55,'2010-07-04',2,3,'1308','186','67','8504','6814'),
(56,'2010-07-04',2,4,'1309','187','68','8505','6815'),
(57,'2010-07-04',3,1,'1310','188','69','8506','6816'),
(58,'2010-07-04',3,2,'1311','189','70','8507','6817'),
(59,'2010-07-04',3,3,'1312','190','71','8508','6818'),
(60,'2010-07-04',3,4,'1313','191','72','8509','6819'),
(61,'2010-07-04',4,1,'1314','192','73','8510','6820'),
(62,'2010-07-04',4,2,'1315','193','74','8511','6821'),
(63,'2010-07-04',4,3,'1316','194','75','8512','6822'),
(64,'2010-07-04',4,4,'1317','195','76','8513','6823'),
(65,'2010-07-05',1,1,'1318','196','77','8514','6824'),
(66,'2010-07-05',1,2,'1319','197','78','8515','6825'),
(67,'2010-07-05',1,3,'1320','198','79','8516','6826'),
(68,'2010-07-05',1,4,'1321','199','80','8517','6827'),
(69,'2010-07-05',2,1,'1322','200','81','8518','6828'),
(70,'2010-07-05',2,2,'1323','201','82','8519','6829'),
(71,'2010-07-05',2,3,'1324','202','83','8520','6830'),
(72,'2010-07-05',2,4,'1325','203','84','8521','6831'),
(73,'2010-07-05',3,1,'1326','204','85','8522','6832'),
(74,'2010-07-05',3,2,'1327','205','86','8523','6833'),
(75,'2010-07-05',3,3,'1328','206','87','8524','6834'),
(76,'2010-07-05',3,4,'1329','207','88','8525','6835'),
(77,'2010-07-05',4,1,'1330','208','89','8526','6836'),
(78,'2010-07-05',4,2,'1331','209','90','8527','6837'),
(79,'2010-07-05',4,3,'1332','210','91','8528','6838'),
(80,'2010-07-05',4,4,'1333','211','92','8529','6839'),
(81,'2010-07-06',1,1,'1334','212','93','8530','6840'),
(82,'2010-07-06',1,2,'1335','213','94','8531','6841'),
(83,'2010-07-06',1,3,'1336','214','95','8532','6842'),
(84,'2010-07-06',1,4,'1337','215','96','8533','6843'),
(85,'2010-07-06',2,1,'1338','216','97','8534','6844'),
(86,'2010-07-06',2,2,'1339','217','98','8535','6845'),
(87,'2010-07-06',2,3,'1340','218','99','8536','6846'),
(88,'2010-07-06',2,4,'1341','219','100','8537','6847'),
(89,'2010-07-06',3,1,'1342','220','101','8538','6848'),
(90,'2010-07-06',3,2,'1343','221','102','8539','6849'),
(91,'2010-07-06',3,3,'1344','222','103','8540','6850'),
(92,'2010-07-06',3,4,'1345','223','104','8541','6851'),
(93,'2010-07-06',4,1,'1346','224','105','8542','6852'),
(94,'2010-07-06',4,2,'1347','225','106','8543','6853'),
(95,'2010-07-06',4,3,'1348','226','107','8544','6854'),
(96,'2010-07-06',4,4,'1349','227','108','8545','6855'),
(97,'2010-07-07',1,1,'1350','228','109','8546','6856'),
(98,'2010-07-07',1,2,'1351','229','110','8547','6857'),
(99,'2010-07-07',1,3,'1352','230','111','8548','6858'),
(100,'2010-07-07',1,4,'1353','231','112','8549','6859'),
(101,'2010-07-07',2,1,'1354','232','113','8550','6860'),
(102,'2010-07-07',2,2,'1355','233','114','8551','6861'),
(103,'2010-07-07',2,3,'1356','234','115','8552','6862'),
(104,'2010-07-07',2,4,'1357','235','116','8553','6863'),
(105,'2010-07-07',3,1,'1358','236','117','8554','6864'),
(106,'2010-07-07',3,2,'1359','237','118','8555','6865'),
(107,'2010-07-07',3,3,'1360','238','119','8556','6866'),
(108,'2010-07-07',3,4,'1361','239','120','8557','6867'),
(109,'2010-07-07',4,1,'1362','240','121','8558','6868'),
(110,'2010-07-07',4,2,'1363','241','122','8559','6869'),
(111,'2010-07-07',4,3,'1364','242','123','8560','6870'),
(112,'2010-07-07',4,4,'1365','243','124','8561','6871'),
(113,'2010-07-08',1,1,'1366','244','125','8562','6872'),
(114,'2010-07-08',1,2,'1367','245','126','8563','6873'),
(115,'2010-07-08',1,3,'1368','246','127','8564','6874'),
(116,'2010-07-08',1,4,'1369','247','128','8565','6875'),
(117,'2010-07-08',2,1,'1370','248','129','8566','6876'),
(118,'2010-07-08',2,2,'1371','249','130','8567','6877'),
(119,'2010-07-08',2,3,'1372','250','131','8568','6878'),
(120,'2010-07-08',2,4,'1373','251','132','8569','6879'),
(121,'2010-07-08',3,1,'1374','252','133','8570','6880'),
(122,'2010-07-08',3,2,'1375','253','134','8571','6881'),
(123,'2010-07-08',3,3,'1376','254','135','8572','6882'),
(124,'2010-07-08',3,4,'1377','255','136','8573','6883'),
(125,'2010-07-08',4,1,'1378','256','137','8574','6884'),
(126,'2010-07-08',4,2,'1379','257','138','8575','6885'),
(127,'2010-07-08',4,3,'1380','258','139','8576','6886'),
(128,'2010-07-08',4,4,'1381','259','140','8577','6887'),
(129,'2010-07-09',1,1,'1382','260','141','8578','6888'),
(130,'2010-07-09',1,2,'1383','261','142','8579','6889'),
(131,'2010-07-09',1,3,'1384','262','143','8580','6890'),
(132,'2010-07-09',1,4,'1385','263','144','8581','6891'),
(133,'2010-07-09',2,1,'1386','264','145','8582','6892'),
(134,'2010-07-09',2,2,'1387','265','146','8583','6893'),
(135,'2010-07-09',2,3,'1388','266','147','8584','6894'),
(136,'2010-07-09',2,4,'1389','267','148','8585','6895'),
(137,'2010-07-09',3,1,'1390','268','149','8586','6896'),
(138,'2010-07-09',3,2,'1391','269','150','8587','6897'),
(139,'2010-07-09',3,3,'1392','270','151','8588','6898'),
(140,'2010-07-09',3,4,'1393','271','152','8589','6899'),
(141,'2010-07-09',4,1,'1394','272','153','8590','6900'),
(142,'2010-07-09',4,2,'1395','273','154','8591','6901'),
(143,'2010-07-09',4,3,'1396','274','155','8592','6902'),
(144,'2010-07-09',4,4,'1397','275','156','8593','6903'),
(145,'2010-07-10',1,1,'1398','276','157','8594','6904'),
(146,'2010-07-10',1,2,'1399','277','158','8595','6905'),
(147,'2010-07-10',1,3,'1400','278','159','8596','6906'),
(148,'2010-07-10',1,4,'1401','279','160','8597','6907'),
(149,'2010-07-10',2,1,'1402','280','161','8598','6908'),
(150,'2010-07-10',2,2,'1403','281','162','8599','6909'),
(151,'2010-07-10',2,3,'1404','282','163','8600','6910'),
(152,'2010-07-10',2,4,'1405','283','164','8601','6911'),
(153,'2010-07-10',3,1,'1406','284','165','8602','6912'),
(154,'2010-07-10',3,2,'1407','285','166','8603','6913'),
(155,'2010-07-10',3,3,'1408','286','167','8604','6914'),
(156,'2010-07-10',3,4,'1409','287','168','8605','6915'),
(157,'2010-07-10',4,1,'1410','288','169','8606','6916'),
(158,'2010-07-10',4,2,'1411','289','170','8607','6917'),
(159,'2010-07-10',4,3,'1412','290','171','8608','6918'),
(160,'2010-07-10',4,4,'1413','291','172','8609','6919'),
(161,'2010-07-11',1,1,'1414','292','173','8610','6920'),
(162,'2010-07-11',1,2,'1415','293','174','8611','6921'),
(163,'2010-07-11',1,3,'1416','294','175','8612','6922'),
(164,'2010-07-11',1,4,'1417','295','176','8613','6923'),
(165,'2010-07-11',2,1,'1418','296','177','8614','6924'),
(166,'2010-07-11',2,2,'1419','297','178','8615','6925'),
(167,'2010-07-11',2,3,'1420','298','179','8616','6926'),
(168,'2010-07-11',2,4,'1421','299','180','8617','6927'),
(169,'2010-07-11',3,1,'1422','300','181','8618','6928'),
(170,'2010-07-11',3,2,'1423','301','182','8619','6929'),
(171,'2010-07-11',3,3,'1424','302','183','8620','6930'),
(172,'2010-07-11',3,4,'1425','303','184','8621','6931'),
(173,'2010-07-11',4,1,'1426','304','185','8622','6932'),
(174,'2010-07-11',4,2,'1427','305','186','8623','6933'),
(175,'2010-07-11',4,3,'1428','306','187','8624','6934'),
(176,'2010-07-11',4,4,'1429','307','188','8625','6935'),
(177,'2010-07-12',1,1,'1430','308','189','8626','6936'),
(178,'2010-07-12',1,2,'1431','309','190','8627','6937'),
(179,'2010-07-12',1,3,'1432','310','191','8628','6938'),
(180,'2010-07-12',1,4,'1433','311','192','8629','6939'),
(181,'2010-07-12',2,1,'1434','312','193','8630','6940'),
(182,'2010-07-12',2,2,'1435','313','194','8631','6941'),
(183,'2010-07-12',2,3,'1436','314','195','8632','6942'),
(184,'2010-07-12',2,4,'1437','315','196','8633','6943'),
(185,'2010-07-12',3,1,'1438','316','197','8634','6944'),
(186,'2010-07-12',3,2,'1439','317','198','8635','6945'),
(187,'2010-07-12',3,3,'1440','318','199','8636','6946'),
(188,'2010-07-12',3,4,'1441','319','200','8637','6947'),
(189,'2010-07-12',4,1,'1442','320','201','8638','6948'),
(190,'2010-07-12',4,2,'1443','321','202','8639','6949'),
(191,'2010-07-12',4,3,'1444','322','203','8640','6950'),
(192,'2010-07-12',4,4,'1445','323','204','8641','6951'),
(193,'2010-07-13',1,1,'1446','324','205','8642','6952'),
(194,'2010-07-13',1,2,'1447','325','206','8643','6953'),
(195,'2010-07-13',1,3,'1448','326','207','8644','6954'),
(196,'2010-07-13',1,4,'1449','327','208','8645','6955'),
(197,'2010-07-13',2,1,'1450','328','209','8646','6956'),
(198,'2010-07-13',2,2,'1451','329','210','8647','6957'),
(199,'2010-07-13',2,3,'1452','330','211','8648','6958'),
(200,'2010-07-13',2,4,'1453','331','212','8649','6959'),
(201,'2010-07-13',3,1,'1454','332','213','8650','6960'),
(202,'2010-07-13',3,2,'1455','333','214','8651','6961'),
(203,'2010-07-13',3,3,'1456','334','215','8652','6962'),
(204,'2010-07-13',3,4,'1457','335','216','8653','6963'),
(205,'2010-07-13',4,1,'1458','336','217','8654','6964'),
(206,'2010-07-13',4,2,'1459','337','218','8655','6965'),
(207,'2010-07-13',4,3,'1460','338','219','8656','6966'),
(208,'2010-07-13',4,4,'1461','339','220','8657','6967'),
(209,'2010-07-14',1,1,'1462','340','221','8658','6968'),
(210,'2010-07-14',1,2,'1463','341','222','8659','6969'),
(211,'2010-07-14',1,3,'1464','342','223','8660','6970'),
(212,'2010-07-14',1,4,'1465','343','224','8661','6971'),
(213,'2010-07-14',2,1,'1466','344','225','8662','6972'),
(214,'2010-07-14',2,2,'1467','345','226','8663','6973'),
(215,'2010-07-14',2,3,'1468','346','227','8664','6974'),
(216,'2010-07-14',2,4,'1469','347','228','8665','6975'),
(217,'2010-07-14',3,1,'1470','348','229','8666','6976'),
(218,'2010-07-14',3,2,'1471','349','230','8667','6977'),
(219,'2010-07-14',3,3,'1472','350','231','8668','6978'),
(220,'2010-07-14',3,4,'1473','351','232','8669','6979'),
(221,'2010-07-14',4,1,'1474','352','233','8670','6980'),
(222,'2010-07-14',4,2,'1475','353','234','8671','6981'),
(223,'2010-07-14',4,3,'1476','354','235','8672','6982'),
(224,'2010-07-14',4,4,'1477','355','236','8673','6983'),
(225,'2010-07-15',1,1,'1478','356','237','8674','6984'),
(226,'2010-07-15',1,2,'1479','357','238','8675','6985'),
(227,'2010-07-15',1,3,'1480','358','239','8676','6986'),
(228,'2010-07-15',1,4,'1481','359','240','8677','6987'),
(229,'2010-07-15',2,1,'1482','360','241','8678','6988'),
(230,'2010-07-15',2,2,'1483','361','242','8679','6989'),
(231,'2010-07-15',2,3,'1484','362','243','8680','6990'),
(232,'2010-07-15',2,4,'1485','363','244','8681','6991'),
(233,'2010-07-15',3,1,'1486','364','245','8682','6992'),
(234,'2010-07-15',3,2,'1487','365','246','8683','6993'),
(235,'2010-07-15',3,3,'1488','366','247','8684','6994'),
(236,'2010-07-15',3,4,'1489','367','248','8685','6995'),
(237,'2010-07-15',4,1,'1490','368','249','8686','6996'),
(238,'2010-07-15',4,2,'1491','369','250','8687','6997'),
(239,'2010-07-15',4,3,'1492','370','251','8688','6998'),
(240,'2010-07-15',4,4,'1493','371','252','8689','6999'),
(241,'2010-07-16',1,1,'1494','372','253','8690','7000'),
(242,'2010-07-16',1,2,'1495','373','254','8691','7001'),
(243,'2010-07-16',1,3,'1496','374','255','8692','7002'),
(244,'2010-07-16',1,4,'1497','375','256','8693','7003'),
(245,'2010-07-16',2,1,'1498','376','257','8694','7004'),
(246,'2010-07-16',2,2,'1499','377','258','8695','7005'),
(247,'2010-07-16',2,3,'1500','378','259','8696','7006'),
(248,'2010-07-16',2,4,'1501','379','260','8697','7007'),
(249,'2010-07-16',3,1,'1502','380','261','8698','7008'),
(250,'2010-07-16',3,2,'1503','381','262','8699','7009'),
(251,'2010-07-16',3,3,'1504','382','263','8700','7010'),
(252,'2010-07-16',3,4,'1505','383','264','8701','7011'),
(253,'2010-07-16',4,1,'1506','384','265','8702','7012'),
(254,'2010-07-16',4,2,'1507','385','266','8703','7013'),
(255,'2010-07-16',4,3,'1508','386','267','8704','7014'),
(256,'2010-07-16',4,4,'1509','387','268','8705','7015'),
(257,'2010-07-17',1,1,'1510','388','269','8706','7016'),
(258,'2010-07-17',1,2,'1511','389','270','8707','7017'),
(259,'2010-07-17',1,3,'1512','390','271','8708','7018'),
(260,'2010-07-17',1,4,'1513','391','272','8709','7019'),
(261,'2010-07-17',2,1,'1514','392','273','8710','7020'),
(262,'2010-07-17',2,2,'1515','393','274','8711','7021'),
(263,'2010-07-17',2,3,'1516','394','275','8712','7022'),
(264,'2010-07-17',2,4,'1517','395','276','8713','7023'),
(265,'2010-07-17',3,1,'1518','396','277','8714','7024'),
(266,'2010-07-17',3,2,'1519','397','278','8715','7025'),
(267,'2010-07-17',3,3,'1520','398','279','8716','7026'),
(268,'2010-07-17',3,4,'1521','399','280','8717','7027'),
(269,'2010-07-17',4,1,'1522','400','281','8718','7028'),
(270,'2010-07-17',4,2,'1523','401','282','8719','7029'),
(271,'2010-07-17',4,3,'1524','402','283','8720','7030'),
(272,'2010-07-17',4,4,'1525','403','284','8721','7031'),
(273,'2010-07-18',1,1,'1526','404','285','8722','7032'),
(274,'2010-07-18',1,2,'1527','405','286','8723','7033'),
(275,'2010-07-18',1,3,'1528','406','287','8724','7034'),
(276,'2010-07-18',1,4,'1529','407','288','8725','7035'),
(277,'2010-07-18',2,1,'1530','408','289','8726','7036'),
(278,'2010-07-18',2,2,'1531','409','290','8727','7037'),
(279,'2010-07-18',2,3,'1532','410','291','8728','7038'),
(280,'2010-07-18',2,4,'1533','411','292','8729','7039'),
(281,'2010-07-18',3,1,'1534','412','293','8730','7040'),
(282,'2010-07-18',3,2,'1535','413','294','8731','7041'),
(283,'2010-07-18',3,3,'1536','414','295','8732','7042'),
(284,'2010-07-18',3,4,'1537','415','296','8733','7043'),
(285,'2010-07-18',4,1,'1538','416','297','8734','7044'),
(286,'2010-07-18',4,2,'1539','417','298','8735','7045'),
(287,'2010-07-18',4,3,'1540','418','299','8736','7046'),
(288,'2010-07-18',4,4,'1541','419','300','8737','7047'),
(289,'2010-07-19',1,1,'1542','420','301','8738','7048'),
(290,'2010-07-19',1,2,'1543','421','302','8739','7049'),
(291,'2010-07-19',1,3,'1544','422','303','8740','7050'),
(292,'2010-07-19',1,4,'1545','423','304','8741','7051'),
(293,'2010-07-19',2,1,'1546','424','305','8742','7052'),
(294,'2010-07-19',2,2,'1547','425','306','8743','7053'),
(295,'2010-07-19',2,3,'1548','426','307','8744','7054'),
(296,'2010-07-19',2,4,'1549','427','308','8745','7055'),
(297,'2010-07-19',3,1,'1550','428','309','8746','7056'),
(298,'2010-07-19',3,2,'1551','429','310','8747','7057'),
(299,'2010-07-19',3,3,'1552','430','311','8748','7058'),
(300,'2010-07-19',3,4,'1553','431','312','8749','7059'),
(301,'2010-07-19',4,1,'1554','432','313','8750','7060'),
(302,'2010-07-19',4,2,'1555','433','314','8751','7061'),
(303,'2010-07-19',4,3,'1556','434','315','8752','7062'),
(304,'2010-07-19',4,4,'1557','435','316','8753','7063'),
(305,'2010-07-20',1,1,'1558','436','317','8754','7064'),
(306,'2010-07-20',1,2,'1559','437','318','8755','7065'),
(307,'2010-07-20',1,3,'1560','438','319','8756','7066'),
(308,'2010-07-20',1,4,'1561','439','320','8757','7067'),
(309,'2010-07-20',2,1,'1562','440','321','8758','7068'),
(310,'2010-07-20',2,2,'1563','441','322','8759','7069'),
(311,'2010-07-20',2,3,'1564','442','323','8760','7070'),
(312,'2010-07-20',2,4,'1565','443','324','8761','7071'),
(313,'2010-07-20',3,1,'1566','444','325','8762','7072'),
(314,'2010-07-20',3,2,'1567','445','326','8763','7073'),
(315,'2010-07-20',3,3,'1568','446','327','8764','7074'),
(316,'2010-07-20',3,4,'1569','447','328','8765','7075'),
(317,'2010-07-20',4,1,'1570','448','329','8766','7076'),
(318,'2010-07-20',4,2,'1571','449','330','8767','7077'),
(319,'2010-07-20',4,3,'1572','450','331','8768','7078'),
(320,'2010-07-20',4,4,'1573','451','332','8769','7079'),
(321,'2010-07-21',1,1,'1574','452','333','8770','7080'),
(322,'2010-07-21',1,2,'1575','453','334','8771','7081'),
(323,'2010-07-21',1,3,'1576','454','335','8772','7082'),
(324,'2010-07-21',1,4,'1577','455','336','8773','7083'),
(325,'2010-07-21',2,1,'1578','456','337','8774','7084'),
(326,'2010-07-21',2,2,'1579','457','338','8775','7085'),
(327,'2010-07-21',2,3,'1580','458','339','8776','7086'),
(328,'2010-07-21',2,4,'1581','459','340','8777','7087'),
(329,'2010-07-21',3,1,'1582','460','341','8778','7088'),
(330,'2010-07-21',3,2,'1583','461','342','8779','7089'),
(331,'2010-07-21',3,3,'1584','462','343','8780','7090'),
(332,'2010-07-21',3,4,'1585','463','344','8781','7091'),
(333,'2010-07-21',4,1,'1586','464','345','8782','7092'),
(334,'2010-07-21',4,2,'1587','465','346','8783','7093'),
(335,'2010-07-21',4,3,'1588','466','347','8784','7094'),
(336,'2010-07-21',4,4,'1589','467','348','8785','7095'),
(337,'2010-07-22',1,1,'1590','468','349','8786','7096'),
(338,'2010-07-22',1,2,'1591','469','350','8787','7097'),
(339,'2010-07-22',1,3,'1592','470','351','8788','7098'),
(340,'2010-07-22',1,4,'1593','471','352','8789','7099'),
(341,'2010-07-22',2,1,'1594','472','353','8790','7100'),
(342,'2010-07-22',2,2,'1595','473','354','8791','7101'),
(343,'2010-07-22',2,3,'1596','474','355','8792','7102'),
(344,'2010-07-22',2,4,'1597','475','356','8793','7103'),
(345,'2010-07-22',3,1,'1598','476','357','8794','7104'),
(346,'2010-07-22',3,2,'1599','477','358','8795','7105'),
(347,'2010-07-22',3,3,'1600','478','359','8796','7106'),
(348,'2010-07-22',3,4,'1601','479','360','8797','7107'),
(349,'2010-07-22',4,1,'1602','480','361','8798','7108'),
(350,'2010-07-22',4,2,'1603','481','362','8799','7109'),
(351,'2010-07-22',4,3,'1604','482','363','8800','7110'),
(352,'2010-07-22',4,4,'1605','483','364','8801','7111'),
(353,'2010-07-23',1,1,'1606','484','365','8802','7112'),
(354,'2010-07-23',1,2,'1607','485','366','8803','7113'),
(355,'2010-07-23',1,3,'1608','486','367','8804','7114'),
(356,'2010-07-23',1,4,'1609','487','368','8805','7115'),
(357,'2010-07-23',2,1,'1610','488','369','8806','7116'),
(358,'2010-07-23',2,2,'1611','489','370','8807','7117'),
(359,'2010-07-23',2,3,'1612','490','371','8808','7118'),
(360,'2010-07-23',2,4,'1613','491','372','8809','7119'),
(361,'2010-07-23',3,1,'1614','492','373','8810','7120'),
(362,'2010-07-23',3,2,'1615','493','374','8811','7121'),
(363,'2010-07-23',3,3,'1616','494','375','8812','7122'),
(364,'2010-07-23',3,4,'1617','495','376','8813','7123'),
(365,'2010-07-23',4,1,'1618','496','377','8814','7124'),
(366,'2010-07-23',4,2,'1619','497','378','8815','7125'),
(367,'2010-07-23',4,3,'1620','498','379','8816','7126'),
(368,'2010-07-23',4,4,'1621','499','380','8817','7127'),
(369,'2010-07-24',1,1,'1622','500','381','8818','7128'),
(370,'2010-07-24',1,2,'1623','501','382','8819','7129'),
(371,'2010-07-24',1,3,'1624','502','383','8820','7130'),
(372,'2010-07-24',1,4,'1625','503','384','8821','7131'),
(373,'2010-07-24',2,1,'1626','504','385','8822','7132'),
(374,'2010-07-24',2,2,'1627','505','386','8823','7133'),
(375,'2010-07-24',2,3,'1628','506','387','8824','7134'),
(376,'2010-07-24',2,4,'1629','507','388','8825','7135'),
(377,'2010-07-24',3,1,'1630','508','389','8826','7136'),
(378,'2010-07-24',3,2,'1631','509','390','8827','7137'),
(379,'2010-07-24',3,3,'1632','510','391','8828','7138'),
(380,'2010-07-24',3,4,'1633','511','392','8829','7139'),
(381,'2010-07-24',4,1,'1634','512','393','8830','7140'),
(382,'2010-07-24',4,2,'1635','513','394','8831','7141'),
(383,'2010-07-24',4,3,'1636','514','395','8832','7142'),
(384,'2010-07-24',4,4,'1637','515','396','8833','7143'),
(385,'2010-07-25',1,1,'1638','516','397','8834','7144'),
(386,'2010-07-25',1,2,'1639','517','398','8835','7145'),
(387,'2010-07-25',1,3,'1640','518','399','8836','7146'),
(388,'2010-07-25',1,4,'1641','519','400','8837','7147'),
(389,'2010-07-25',2,1,'1642','520','401','8838','7148'),
(390,'2010-07-25',2,2,'1643','521','402','8839','7149'),
(391,'2010-07-25',2,3,'1644','522','403','8840','7150'),
(392,'2010-07-25',2,4,'1645','523','404','8841','7151'),
(393,'2010-07-25',3,1,'1646','524','405','8842','7152'),
(394,'2010-07-25',3,2,'1647','525','406','8843','7153'),
(395,'2010-07-25',3,3,'1648','526','407','8844','7154'),
(396,'2010-07-25',3,4,'1649','527','408','8845','7155'),
(397,'2010-07-25',4,1,'1650','528','409','8846','7156'),
(398,'2010-07-25',4,2,'1651','529','410','8847','7157'),
(399,'2010-07-25',4,3,'1652','530','411','8848','7158'),
(400,'2010-07-25',4,4,'1653','531','412','8849','7159'),
(401,'2010-07-26',1,1,'1654','532','413','8850','7160'),
(402,'2010-07-26',1,2,'1655','533','414','8851','7161'),
(403,'2010-07-26',1,3,'1656','534','415','8852','7162'),
(404,'2010-07-26',1,4,'1657','535','416','8853','7163'),
(405,'2010-07-26',2,1,'1658','536','417','8854','7164'),
(406,'2010-07-26',2,2,'1659','537','418','8855','7165'),
(407,'2010-07-26',2,3,'1660','538','419','8856','7166'),
(408,'2010-07-26',2,4,'1661','539','420','8857','7167'),
(409,'2010-07-26',3,1,'1662','540','421','8858','7168'),
(410,'2010-07-26',3,2,'1663','541','422','8859','7169'),
(411,'2010-07-26',3,3,'1664','542','423','8860','7170'),
(412,'2010-07-26',3,4,'1665','543','424','8861','7171'),
(413,'2010-07-26',4,1,'1666','544','425','8862','7172'),
(414,'2010-07-26',4,2,'1667','545','426','8863','7173'),
(415,'2010-07-26',4,3,'1668','546','427','8864','7174'),
(416,'2010-07-26',4,4,'1669','547','428','8865','7175'),
(417,'2010-07-27',1,1,'1670','548','429','8866','7176'),
(418,'2010-07-27',1,2,'1671','549','430','8867','7177'),
(419,'2010-07-27',1,3,'1672','550','431','8868','7178'),
(420,'2010-07-27',1,4,'1673','551','432','8869','7179'),
(421,'2010-07-27',2,1,'1674','552','433','8870','7180'),
(422,'2010-07-27',2,2,'1675','553','434','8871','7181'),
(423,'2010-07-27',2,3,'1676','554','435','8872','7182'),
(424,'2010-07-27',2,4,'1677','555','436','8873','7183'),
(425,'2010-07-27',3,1,'1678','556','437','8874','7184'),
(426,'2010-07-27',3,2,'1679','557','438','8875','7185'),
(427,'2010-07-27',3,3,'1680','558','439','8876','7186'),
(428,'2010-07-27',3,4,'1681','559','440','8877','7187'),
(429,'2010-07-27',4,1,'1682','560','441','8878','7188'),
(430,'2010-07-27',4,2,'1683','561','442','8879','7189'),
(431,'2010-07-27',4,3,'1684','562','443','8880','7190'),
(432,'2010-07-27',4,4,'1685','563','444','8881','7191'),
(433,'2010-07-28',1,1,'1686','564','445','8882','7192'),
(434,'2010-07-28',1,2,'1687','565','446','8883','7193'),
(435,'2010-07-28',1,3,'1688','566','447','8884','7194'),
(436,'2010-07-28',1,4,'1689','567','448','8885','7195'),
(437,'2010-07-28',2,1,'1690','568','449','8886','7196'),
(438,'2010-07-28',2,2,'1691','569','450','8887','7197'),
(439,'2010-07-28',2,3,'1692','570','451','8888','7198'),
(440,'2010-07-28',2,4,'1693','571','452','8889','7199'),
(441,'2010-07-28',3,1,'1694','572','453','8890','7200'),
(442,'2010-07-28',3,2,'1695','573','454','8891','7201'),
(443,'2010-07-28',3,3,'1696','574','455','8892','7202'),
(444,'2010-07-28',3,4,'1697','575','456','8893','7203'),
(445,'2010-07-28',4,1,'1698','576','457','8894','7204'),
(446,'2010-07-28',4,2,'1699','577','458','8895','7205'),
(447,'2010-07-28',4,3,'1700','578','459','8896','7206'),
(448,'2010-07-28',4,4,'1701','579','460','8897','7207'),
(449,'2010-07-29',1,1,'1702','580','461','8898','7208'),
(450,'2010-07-29',1,2,'1703','581','462','8899','7209'),
(451,'2010-07-29',1,3,'1704','582','463','8900','7210'),
(452,'2010-07-29',1,4,'1705','583','464','8901','7211'),
(453,'2010-07-29',2,1,'1706','584','465','8902','7212'),
(454,'2010-07-29',2,2,'1707','585','466','8903','7213'),
(455,'2010-07-29',2,3,'1708','586','467','8904','7214'),
(456,'2010-07-29',2,4,'1709','587','468','8905','7215'),
(457,'2010-07-29',3,1,'1710','588','469','8906','7216'),
(458,'2010-07-29',3,2,'1711','589','470','8907','7217'),
(459,'2010-07-29',3,3,'1712','590','471','8908','7218'),
(460,'2010-07-29',3,4,'1713','591','472','8909','7219'),
(461,'2010-07-29',4,1,'1714','592','473','8910','7220'),
(462,'2010-07-29',4,2,'1715','593','474','8911','7221'),
(463,'2010-07-29',4,3,'1716','594','475','8912','7222'),
(464,'2010-07-29',4,4,'1717','595','476','8913','7223'),
(465,'2010-07-30',1,1,'1718','596','477','8914','7224'),
(466,'2010-07-30',1,2,'1719','597','478','8915','7225'),
(467,'2010-07-30',1,3,'1720','598','479','8916','7226'),
(468,'2010-07-30',1,4,'1721','599','480','8917','7227'),
(469,'2010-07-30',2,1,'1722','600','481','8918','7228'),
(470,'2010-07-30',2,2,'1723','601','482','8919','7229'),
(471,'2010-07-30',2,3,'1724','602','483','8920','7230'),
(472,'2010-07-30',2,4,'1725','603','484','8921','7231'),
(473,'2010-07-30',3,1,'1726','604','485','8922','7232'),
(474,'2010-07-30',3,2,'1727','605','486','8923','7233'),
(475,'2010-07-30',3,3,'1728','606','487','8924','7234'),
(476,'2010-07-30',3,4,'1729','607','488','8925','7235'),
(477,'2010-07-30',4,1,'1730','608','489','8926','7236'),
(478,'2010-07-30',4,2,'1731','609','490','8927','7237'),
(479,'2010-07-30',4,3,'1732','610','491','8928','7238'),
(480,'2010-07-30',4,4,'1733','611','492','8929','7239'),
(481,'2010-07-31',1,1,'1734','612','493','8930','7240'),
(482,'2010-07-31',1,2,'1735','613','494','8931','7241'),
(483,'2010-07-31',1,3,'1736','614','495','8932','7242'),
(484,'2010-07-31',1,4,'1737','615','496','8933','7243'),
(485,'2010-07-31',2,1,'1738','616','497','8934','7244'),
(486,'2010-07-31',2,2,'1739','617','498','8935','7245'),
(487,'2010-07-31',2,3,'1740','618','499','8936','7246'),
(488,'2010-07-31',2,4,'1741','619','500','8937','7247'),
(489,'2010-07-31',3,1,'1742','620','501','8938','7248'),
(490,'2010-07-31',3,2,'1743','621','502','8939','7249'),
(491,'2010-07-31',3,3,'1744','622','503','8940','7250'),
(492,'2010-07-31',3,4,'1745','623','504','8941','7251'),
(493,'2010-07-31',4,1,'1746','624','505','8942','7252'),
(494,'2010-07-31',4,2,'1747','625','506','8943','7253'),
(495,'2010-07-31',4,3,'1748','626','507','8944','7254'),
(496,'2010-07-31',4,4,'1749','627','508','8945','7255');

-- -----------------------------------------------------
-- Data for table `report_by_advertisement`
-- -----------------------------------------------------
insert into `report_by_advertisement` (`report_by_advertisement_id`, `date`, `media_id`, `advertisement_id`, `achieve`, `earnings`, `expenses`) values
(1,'2010-07-01',1,1,'13','8450','6760'),
(2,'2010-07-01',1,2,'14','8451','6761'),
(3,'2010-07-01',1,3,'15','8452','6762'),
(4,'2010-07-01',1,4,'16','8453','6763'),
(5,'2010-07-01',2,1,'17','8454','6764'),
(6,'2010-07-01',2,2,'18','8455','6765'),
(7,'2010-07-01',2,3,'19','8456','6766'),
(8,'2010-07-01',2,4,'20','8457','6767'),
(9,'2010-07-01',3,1,'21','8458','6768'),
(10,'2010-07-01',3,2,'22','8459','6769'),
(11,'2010-07-01',3,3,'23','8460','6770'),
(12,'2010-07-01',3,4,'24','8461','6771'),
(13,'2010-07-01',4,1,'25','8462','6772'),
(14,'2010-07-01',4,2,'26','8463','6773'),
(15,'2010-07-01',4,3,'27','8464','6774'),
(16,'2010-07-01',4,4,'28','8465','6775'),
(17,'2010-07-02',1,1,'29','8466','6776'),
(18,'2010-07-02',1,2,'30','8467','6777'),
(19,'2010-07-02',1,3,'31','8468','6778'),
(20,'2010-07-02',1,4,'32','8469','6779'),
(21,'2010-07-02',2,1,'33','8470','6780'),
(22,'2010-07-02',2,2,'34','8471','6781'),
(23,'2010-07-02',2,3,'35','8472','6782'),
(24,'2010-07-02',2,4,'36','8473','6783'),
(25,'2010-07-02',3,1,'37','8474','6784'),
(26,'2010-07-02',3,2,'38','8475','6785'),
(27,'2010-07-02',3,3,'39','8476','6786'),
(28,'2010-07-02',3,4,'40','8477','6787'),
(29,'2010-07-02',4,1,'41','8478','6788'),
(30,'2010-07-02',4,2,'42','8479','6789'),
(31,'2010-07-02',4,3,'43','8480','6790'),
(32,'2010-07-02',4,4,'44','8481','6791'),
(33,'2010-07-03',1,1,'45','8482','6792'),
(34,'2010-07-03',1,2,'46','8483','6793'),
(35,'2010-07-03',1,3,'47','8484','6794'),
(36,'2010-07-03',1,4,'48','8485','6795'),
(37,'2010-07-03',2,1,'49','8486','6796'),
(38,'2010-07-03',2,2,'50','8487','6797'),
(39,'2010-07-03',2,3,'51','8488','6798'),
(40,'2010-07-03',2,4,'52','8489','6799'),
(41,'2010-07-03',3,1,'53','8490','6800'),
(42,'2010-07-03',3,2,'54','8491','6801'),
(43,'2010-07-03',3,3,'55','8492','6802'),
(44,'2010-07-03',3,4,'56','8493','6803'),
(45,'2010-07-03',4,1,'57','8494','6804'),
(46,'2010-07-03',4,2,'58','8495','6805'),
(47,'2010-07-03',4,3,'59','8496','6806'),
(48,'2010-07-03',4,4,'60','8497','6807'),
(49,'2010-07-04',1,1,'61','8498','6808'),
(50,'2010-07-04',1,2,'62','8499','6809'),
(51,'2010-07-04',1,3,'63','8500','6810'),
(52,'2010-07-04',1,4,'64','8501','6811'),
(53,'2010-07-04',2,1,'65','8502','6812'),
(54,'2010-07-04',2,2,'66','8503','6813'),
(55,'2010-07-04',2,3,'67','8504','6814'),
(56,'2010-07-04',2,4,'68','8505','6815'),
(57,'2010-07-04',3,1,'69','8506','6816'),
(58,'2010-07-04',3,2,'70','8507','6817'),
(59,'2010-07-04',3,3,'71','8508','6818'),
(60,'2010-07-04',3,4,'72','8509','6819'),
(61,'2010-07-04',4,1,'73','8510','6820'),
(62,'2010-07-04',4,2,'74','8511','6821'),
(63,'2010-07-04',4,3,'75','8512','6822'),
(64,'2010-07-04',4,4,'76','8513','6823'),
(65,'2010-07-05',1,1,'77','8514','6824'),
(66,'2010-07-05',1,2,'78','8515','6825'),
(67,'2010-07-05',1,3,'79','8516','6826'),
(68,'2010-07-05',1,4,'80','8517','6827'),
(69,'2010-07-05',2,1,'81','8518','6828'),
(70,'2010-07-05',2,2,'82','8519','6829'),
(71,'2010-07-05',2,3,'83','8520','6830'),
(72,'2010-07-05',2,4,'84','8521','6831'),
(73,'2010-07-05',3,1,'85','8522','6832'),
(74,'2010-07-05',3,2,'86','8523','6833'),
(75,'2010-07-05',3,3,'87','8524','6834'),
(76,'2010-07-05',3,4,'88','8525','6835'),
(77,'2010-07-05',4,1,'89','8526','6836'),
(78,'2010-07-05',4,2,'90','8527','6837'),
(79,'2010-07-05',4,3,'91','8528','6838'),
(80,'2010-07-05',4,4,'92','8529','6839'),
(81,'2010-07-06',1,1,'93','8530','6840'),
(82,'2010-07-06',1,2,'94','8531','6841'),
(83,'2010-07-06',1,3,'95','8532','6842'),
(84,'2010-07-06',1,4,'96','8533','6843'),
(85,'2010-07-06',2,1,'97','8534','6844'),
(86,'2010-07-06',2,2,'98','8535','6845'),
(87,'2010-07-06',2,3,'99','8536','6846'),
(88,'2010-07-06',2,4,'100','8537','6847'),
(89,'2010-07-06',3,1,'101','8538','6848'),
(90,'2010-07-06',3,2,'102','8539','6849'),
(91,'2010-07-06',3,3,'103','8540','6850'),
(92,'2010-07-06',3,4,'104','8541','6851'),
(93,'2010-07-06',4,1,'105','8542','6852'),
(94,'2010-07-06',4,2,'106','8543','6853'),
(95,'2010-07-06',4,3,'107','8544','6854'),
(96,'2010-07-06',4,4,'108','8545','6855'),
(97,'2010-07-07',1,1,'109','8546','6856'),
(98,'2010-07-07',1,2,'110','8547','6857'),
(99,'2010-07-07',1,3,'111','8548','6858'),
(100,'2010-07-07',1,4,'112','8549','6859'),
(101,'2010-07-07',2,1,'113','8550','6860'),
(102,'2010-07-07',2,2,'114','8551','6861'),
(103,'2010-07-07',2,3,'115','8552','6862'),
(104,'2010-07-07',2,4,'116','8553','6863'),
(105,'2010-07-07',3,1,'117','8554','6864'),
(106,'2010-07-07',3,2,'118','8555','6865'),
(107,'2010-07-07',3,3,'119','8556','6866'),
(108,'2010-07-07',3,4,'120','8557','6867'),
(109,'2010-07-07',4,1,'121','8558','6868'),
(110,'2010-07-07',4,2,'122','8559','6869'),
(111,'2010-07-07',4,3,'123','8560','6870'),
(112,'2010-07-07',4,4,'124','8561','6871'),
(113,'2010-07-08',1,1,'125','8562','6872'),
(114,'2010-07-08',1,2,'126','8563','6873'),
(115,'2010-07-08',1,3,'127','8564','6874'),
(116,'2010-07-08',1,4,'128','8565','6875'),
(117,'2010-07-08',2,1,'129','8566','6876'),
(118,'2010-07-08',2,2,'130','8567','6877'),
(119,'2010-07-08',2,3,'131','8568','6878'),
(120,'2010-07-08',2,4,'132','8569','6879'),
(121,'2010-07-08',3,1,'133','8570','6880'),
(122,'2010-07-08',3,2,'134','8571','6881'),
(123,'2010-07-08',3,3,'135','8572','6882'),
(124,'2010-07-08',3,4,'136','8573','6883'),
(125,'2010-07-08',4,1,'137','8574','6884'),
(126,'2010-07-08',4,2,'138','8575','6885'),
(127,'2010-07-08',4,3,'139','8576','6886'),
(128,'2010-07-08',4,4,'140','8577','6887'),
(129,'2010-07-09',1,1,'141','8578','6888'),
(130,'2010-07-09',1,2,'142','8579','6889'),
(131,'2010-07-09',1,3,'143','8580','6890'),
(132,'2010-07-09',1,4,'144','8581','6891'),
(133,'2010-07-09',2,1,'145','8582','6892'),
(134,'2010-07-09',2,2,'146','8583','6893'),
(135,'2010-07-09',2,3,'147','8584','6894'),
(136,'2010-07-09',2,4,'148','8585','6895'),
(137,'2010-07-09',3,1,'149','8586','6896'),
(138,'2010-07-09',3,2,'150','8587','6897'),
(139,'2010-07-09',3,3,'151','8588','6898'),
(140,'2010-07-09',3,4,'152','8589','6899'),
(141,'2010-07-09',4,1,'153','8590','6900'),
(142,'2010-07-09',4,2,'154','8591','6901'),
(143,'2010-07-09',4,3,'155','8592','6902'),
(144,'2010-07-09',4,4,'156','8593','6903'),
(145,'2010-07-10',1,1,'157','8594','6904'),
(146,'2010-07-10',1,2,'158','8595','6905'),
(147,'2010-07-10',1,3,'159','8596','6906'),
(148,'2010-07-10',1,4,'160','8597','6907'),
(149,'2010-07-10',2,1,'161','8598','6908'),
(150,'2010-07-10',2,2,'162','8599','6909'),
(151,'2010-07-10',2,3,'163','8600','6910'),
(152,'2010-07-10',2,4,'164','8601','6911'),
(153,'2010-07-10',3,1,'165','8602','6912'),
(154,'2010-07-10',3,2,'166','8603','6913'),
(155,'2010-07-10',3,3,'167','8604','6914'),
(156,'2010-07-10',3,4,'168','8605','6915'),
(157,'2010-07-10',4,1,'169','8606','6916'),
(158,'2010-07-10',4,2,'170','8607','6917'),
(159,'2010-07-10',4,3,'171','8608','6918'),
(160,'2010-07-10',4,4,'172','8609','6919'),
(161,'2010-07-11',1,1,'173','8610','6920'),
(162,'2010-07-11',1,2,'174','8611','6921'),
(163,'2010-07-11',1,3,'175','8612','6922'),
(164,'2010-07-11',1,4,'176','8613','6923'),
(165,'2010-07-11',2,1,'177','8614','6924'),
(166,'2010-07-11',2,2,'178','8615','6925'),
(167,'2010-07-11',2,3,'179','8616','6926'),
(168,'2010-07-11',2,4,'180','8617','6927'),
(169,'2010-07-11',3,1,'181','8618','6928'),
(170,'2010-07-11',3,2,'182','8619','6929'),
(171,'2010-07-11',3,3,'183','8620','6930'),
(172,'2010-07-11',3,4,'184','8621','6931'),
(173,'2010-07-11',4,1,'185','8622','6932'),
(174,'2010-07-11',4,2,'186','8623','6933'),
(175,'2010-07-11',4,3,'187','8624','6934'),
(176,'2010-07-11',4,4,'188','8625','6935'),
(177,'2010-07-12',1,1,'189','8626','6936'),
(178,'2010-07-12',1,2,'190','8627','6937'),
(179,'2010-07-12',1,3,'191','8628','6938'),
(180,'2010-07-12',1,4,'192','8629','6939'),
(181,'2010-07-12',2,1,'193','8630','6940'),
(182,'2010-07-12',2,2,'194','8631','6941'),
(183,'2010-07-12',2,3,'195','8632','6942'),
(184,'2010-07-12',2,4,'196','8633','6943'),
(185,'2010-07-12',3,1,'197','8634','6944'),
(186,'2010-07-12',3,2,'198','8635','6945'),
(187,'2010-07-12',3,3,'199','8636','6946'),
(188,'2010-07-12',3,4,'200','8637','6947'),
(189,'2010-07-12',4,1,'201','8638','6948'),
(190,'2010-07-12',4,2,'202','8639','6949'),
(191,'2010-07-12',4,3,'203','8640','6950'),
(192,'2010-07-12',4,4,'204','8641','6951'),
(193,'2010-07-13',1,1,'205','8642','6952'),
(194,'2010-07-13',1,2,'206','8643','6953'),
(195,'2010-07-13',1,3,'207','8644','6954'),
(196,'2010-07-13',1,4,'208','8645','6955'),
(197,'2010-07-13',2,1,'209','8646','6956'),
(198,'2010-07-13',2,2,'210','8647','6957'),
(199,'2010-07-13',2,3,'211','8648','6958'),
(200,'2010-07-13',2,4,'212','8649','6959'),
(201,'2010-07-13',3,1,'213','8650','6960'),
(202,'2010-07-13',3,2,'214','8651','6961'),
(203,'2010-07-13',3,3,'215','8652','6962'),
(204,'2010-07-13',3,4,'216','8653','6963'),
(205,'2010-07-13',4,1,'217','8654','6964'),
(206,'2010-07-13',4,2,'218','8655','6965'),
(207,'2010-07-13',4,3,'219','8656','6966'),
(208,'2010-07-13',4,4,'220','8657','6967'),
(209,'2010-07-14',1,1,'221','8658','6968'),
(210,'2010-07-14',1,2,'222','8659','6969'),
(211,'2010-07-14',1,3,'223','8660','6970'),
(212,'2010-07-14',1,4,'224','8661','6971'),
(213,'2010-07-14',2,1,'225','8662','6972'),
(214,'2010-07-14',2,2,'226','8663','6973'),
(215,'2010-07-14',2,3,'227','8664','6974'),
(216,'2010-07-14',2,4,'228','8665','6975'),
(217,'2010-07-14',3,1,'229','8666','6976'),
(218,'2010-07-14',3,2,'230','8667','6977'),
(219,'2010-07-14',3,3,'231','8668','6978'),
(220,'2010-07-14',3,4,'232','8669','6979'),
(221,'2010-07-14',4,1,'233','8670','6980'),
(222,'2010-07-14',4,2,'234','8671','6981'),
(223,'2010-07-14',4,3,'235','8672','6982'),
(224,'2010-07-14',4,4,'236','8673','6983'),
(225,'2010-07-15',1,1,'237','8674','6984'),
(226,'2010-07-15',1,2,'238','8675','6985'),
(227,'2010-07-15',1,3,'239','8676','6986'),
(228,'2010-07-15',1,4,'240','8677','6987'),
(229,'2010-07-15',2,1,'241','8678','6988'),
(230,'2010-07-15',2,2,'242','8679','6989'),
(231,'2010-07-15',2,3,'243','8680','6990'),
(232,'2010-07-15',2,4,'244','8681','6991'),
(233,'2010-07-15',3,1,'245','8682','6992'),
(234,'2010-07-15',3,2,'246','8683','6993'),
(235,'2010-07-15',3,3,'247','8684','6994'),
(236,'2010-07-15',3,4,'248','8685','6995'),
(237,'2010-07-15',4,1,'249','8686','6996'),
(238,'2010-07-15',4,2,'250','8687','6997'),
(239,'2010-07-15',4,3,'251','8688','6998'),
(240,'2010-07-15',4,4,'252','8689','6999'),
(241,'2010-07-16',1,1,'253','8690','7000'),
(242,'2010-07-16',1,2,'254','8691','7001'),
(243,'2010-07-16',1,3,'255','8692','7002'),
(244,'2010-07-16',1,4,'256','8693','7003'),
(245,'2010-07-16',2,1,'257','8694','7004'),
(246,'2010-07-16',2,2,'258','8695','7005'),
(247,'2010-07-16',2,3,'259','8696','7006'),
(248,'2010-07-16',2,4,'260','8697','7007'),
(249,'2010-07-16',3,1,'261','8698','7008'),
(250,'2010-07-16',3,2,'262','8699','7009'),
(251,'2010-07-16',3,3,'263','8700','7010'),
(252,'2010-07-16',3,4,'264','8701','7011'),
(253,'2010-07-16',4,1,'265','8702','7012'),
(254,'2010-07-16',4,2,'266','8703','7013'),
(255,'2010-07-16',4,3,'267','8704','7014'),
(256,'2010-07-16',4,4,'268','8705','7015'),
(257,'2010-07-17',1,1,'269','8706','7016'),
(258,'2010-07-17',1,2,'270','8707','7017'),
(259,'2010-07-17',1,3,'271','8708','7018'),
(260,'2010-07-17',1,4,'272','8709','7019'),
(261,'2010-07-17',2,1,'273','8710','7020'),
(262,'2010-07-17',2,2,'274','8711','7021'),
(263,'2010-07-17',2,3,'275','8712','7022'),
(264,'2010-07-17',2,4,'276','8713','7023'),
(265,'2010-07-17',3,1,'277','8714','7024'),
(266,'2010-07-17',3,2,'278','8715','7025'),
(267,'2010-07-17',3,3,'279','8716','7026'),
(268,'2010-07-17',3,4,'280','8717','7027'),
(269,'2010-07-17',4,1,'281','8718','7028'),
(270,'2010-07-17',4,2,'282','8719','7029'),
(271,'2010-07-17',4,3,'283','8720','7030'),
(272,'2010-07-17',4,4,'284','8721','7031'),
(273,'2010-07-18',1,1,'285','8722','7032'),
(274,'2010-07-18',1,2,'286','8723','7033'),
(275,'2010-07-18',1,3,'287','8724','7034'),
(276,'2010-07-18',1,4,'288','8725','7035'),
(277,'2010-07-18',2,1,'289','8726','7036'),
(278,'2010-07-18',2,2,'290','8727','7037'),
(279,'2010-07-18',2,3,'291','8728','7038'),
(280,'2010-07-18',2,4,'292','8729','7039'),
(281,'2010-07-18',3,1,'293','8730','7040'),
(282,'2010-07-18',3,2,'294','8731','7041'),
(283,'2010-07-18',3,3,'295','8732','7042'),
(284,'2010-07-18',3,4,'296','8733','7043'),
(285,'2010-07-18',4,1,'297','8734','7044'),
(286,'2010-07-18',4,2,'298','8735','7045'),
(287,'2010-07-18',4,3,'299','8736','7046'),
(288,'2010-07-18',4,4,'300','8737','7047'),
(289,'2010-07-19',1,1,'301','8738','7048'),
(290,'2010-07-19',1,2,'302','8739','7049'),
(291,'2010-07-19',1,3,'303','8740','7050'),
(292,'2010-07-19',1,4,'304','8741','7051'),
(293,'2010-07-19',2,1,'305','8742','7052'),
(294,'2010-07-19',2,2,'306','8743','7053'),
(295,'2010-07-19',2,3,'307','8744','7054'),
(296,'2010-07-19',2,4,'308','8745','7055'),
(297,'2010-07-19',3,1,'309','8746','7056'),
(298,'2010-07-19',3,2,'310','8747','7057'),
(299,'2010-07-19',3,3,'311','8748','7058'),
(300,'2010-07-19',3,4,'312','8749','7059'),
(301,'2010-07-19',4,1,'313','8750','7060'),
(302,'2010-07-19',4,2,'314','8751','7061'),
(303,'2010-07-19',4,3,'315','8752','7062'),
(304,'2010-07-19',4,4,'316','8753','7063'),
(305,'2010-07-20',1,1,'317','8754','7064'),
(306,'2010-07-20',1,2,'318','8755','7065'),
(307,'2010-07-20',1,3,'319','8756','7066'),
(308,'2010-07-20',1,4,'320','8757','7067'),
(309,'2010-07-20',2,1,'321','8758','7068'),
(310,'2010-07-20',2,2,'322','8759','7069'),
(311,'2010-07-20',2,3,'323','8760','7070'),
(312,'2010-07-20',2,4,'324','8761','7071'),
(313,'2010-07-20',3,1,'325','8762','7072'),
(314,'2010-07-20',3,2,'326','8763','7073'),
(315,'2010-07-20',3,3,'327','8764','7074'),
(316,'2010-07-20',3,4,'328','8765','7075'),
(317,'2010-07-20',4,1,'329','8766','7076'),
(318,'2010-07-20',4,2,'330','8767','7077'),
(319,'2010-07-20',4,3,'331','8768','7078'),
(320,'2010-07-20',4,4,'332','8769','7079'),
(321,'2010-07-21',1,1,'333','8770','7080'),
(322,'2010-07-21',1,2,'334','8771','7081'),
(323,'2010-07-21',1,3,'335','8772','7082'),
(324,'2010-07-21',1,4,'336','8773','7083'),
(325,'2010-07-21',2,1,'337','8774','7084'),
(326,'2010-07-21',2,2,'338','8775','7085'),
(327,'2010-07-21',2,3,'339','8776','7086'),
(328,'2010-07-21',2,4,'340','8777','7087'),
(329,'2010-07-21',3,1,'341','8778','7088'),
(330,'2010-07-21',3,2,'342','8779','7089'),
(331,'2010-07-21',3,3,'343','8780','7090'),
(332,'2010-07-21',3,4,'344','8781','7091'),
(333,'2010-07-21',4,1,'345','8782','7092'),
(334,'2010-07-21',4,2,'346','8783','7093'),
(335,'2010-07-21',4,3,'347','8784','7094'),
(336,'2010-07-21',4,4,'348','8785','7095'),
(337,'2010-07-22',1,1,'349','8786','7096'),
(338,'2010-07-22',1,2,'350','8787','7097'),
(339,'2010-07-22',1,3,'351','8788','7098'),
(340,'2010-07-22',1,4,'352','8789','7099'),
(341,'2010-07-22',2,1,'353','8790','7100'),
(342,'2010-07-22',2,2,'354','8791','7101'),
(343,'2010-07-22',2,3,'355','8792','7102'),
(344,'2010-07-22',2,4,'356','8793','7103'),
(345,'2010-07-22',3,1,'357','8794','7104'),
(346,'2010-07-22',3,2,'358','8795','7105'),
(347,'2010-07-22',3,3,'359','8796','7106'),
(348,'2010-07-22',3,4,'360','8797','7107'),
(349,'2010-07-22',4,1,'361','8798','7108'),
(350,'2010-07-22',4,2,'362','8799','7109'),
(351,'2010-07-22',4,3,'363','8800','7110'),
(352,'2010-07-22',4,4,'364','8801','7111'),
(353,'2010-07-23',1,1,'365','8802','7112'),
(354,'2010-07-23',1,2,'366','8803','7113'),
(355,'2010-07-23',1,3,'367','8804','7114'),
(356,'2010-07-23',1,4,'368','8805','7115'),
(357,'2010-07-23',2,1,'369','8806','7116'),
(358,'2010-07-23',2,2,'370','8807','7117'),
(359,'2010-07-23',2,3,'371','8808','7118'),
(360,'2010-07-23',2,4,'372','8809','7119'),
(361,'2010-07-23',3,1,'373','8810','7120'),
(362,'2010-07-23',3,2,'374','8811','7121'),
(363,'2010-07-23',3,3,'375','8812','7122'),
(364,'2010-07-23',3,4,'376','8813','7123'),
(365,'2010-07-23',4,1,'377','8814','7124'),
(366,'2010-07-23',4,2,'378','8815','7125'),
(367,'2010-07-23',4,3,'379','8816','7126'),
(368,'2010-07-23',4,4,'380','8817','7127'),
(369,'2010-07-24',1,1,'381','8818','7128'),
(370,'2010-07-24',1,2,'382','8819','7129'),
(371,'2010-07-24',1,3,'383','8820','7130'),
(372,'2010-07-24',1,4,'384','8821','7131'),
(373,'2010-07-24',2,1,'385','8822','7132'),
(374,'2010-07-24',2,2,'386','8823','7133'),
(375,'2010-07-24',2,3,'387','8824','7134'),
(376,'2010-07-24',2,4,'388','8825','7135'),
(377,'2010-07-24',3,1,'389','8826','7136'),
(378,'2010-07-24',3,2,'390','8827','7137'),
(379,'2010-07-24',3,3,'391','8828','7138'),
(380,'2010-07-24',3,4,'392','8829','7139'),
(381,'2010-07-24',4,1,'393','8830','7140'),
(382,'2010-07-24',4,2,'394','8831','7141'),
(383,'2010-07-24',4,3,'395','8832','7142'),
(384,'2010-07-24',4,4,'396','8833','7143'),
(385,'2010-07-25',1,1,'397','8834','7144'),
(386,'2010-07-25',1,2,'398','8835','7145'),
(387,'2010-07-25',1,3,'399','8836','7146'),
(388,'2010-07-25',1,4,'400','8837','7147'),
(389,'2010-07-25',2,1,'401','8838','7148'),
(390,'2010-07-25',2,2,'402','8839','7149'),
(391,'2010-07-25',2,3,'403','8840','7150'),
(392,'2010-07-25',2,4,'404','8841','7151'),
(393,'2010-07-25',3,1,'405','8842','7152'),
(394,'2010-07-25',3,2,'406','8843','7153'),
(395,'2010-07-25',3,3,'407','8844','7154'),
(396,'2010-07-25',3,4,'408','8845','7155'),
(397,'2010-07-25',4,1,'409','8846','7156'),
(398,'2010-07-25',4,2,'410','8847','7157'),
(399,'2010-07-25',4,3,'411','8848','7158'),
(400,'2010-07-25',4,4,'412','8849','7159'),
(401,'2010-07-26',1,1,'413','8850','7160'),
(402,'2010-07-26',1,2,'414','8851','7161'),
(403,'2010-07-26',1,3,'415','8852','7162'),
(404,'2010-07-26',1,4,'416','8853','7163'),
(405,'2010-07-26',2,1,'417','8854','7164'),
(406,'2010-07-26',2,2,'418','8855','7165'),
(407,'2010-07-26',2,3,'419','8856','7166'),
(408,'2010-07-26',2,4,'420','8857','7167'),
(409,'2010-07-26',3,1,'421','8858','7168'),
(410,'2010-07-26',3,2,'422','8859','7169'),
(411,'2010-07-26',3,3,'423','8860','7170'),
(412,'2010-07-26',3,4,'424','8861','7171'),
(413,'2010-07-26',4,1,'425','8862','7172'),
(414,'2010-07-26',4,2,'426','8863','7173'),
(415,'2010-07-26',4,3,'427','8864','7174'),
(416,'2010-07-26',4,4,'428','8865','7175'),
(417,'2010-07-27',1,1,'429','8866','7176'),
(418,'2010-07-27',1,2,'430','8867','7177'),
(419,'2010-07-27',1,3,'431','8868','7178'),
(420,'2010-07-27',1,4,'432','8869','7179'),
(421,'2010-07-27',2,1,'433','8870','7180'),
(422,'2010-07-27',2,2,'434','8871','7181'),
(423,'2010-07-27',2,3,'435','8872','7182'),
(424,'2010-07-27',2,4,'436','8873','7183'),
(425,'2010-07-27',3,1,'437','8874','7184'),
(426,'2010-07-27',3,2,'438','8875','7185'),
(427,'2010-07-27',3,3,'439','8876','7186'),
(428,'2010-07-27',3,4,'440','8877','7187'),
(429,'2010-07-27',4,1,'441','8878','7188'),
(430,'2010-07-27',4,2,'442','8879','7189'),
(431,'2010-07-27',4,3,'443','8880','7190'),
(432,'2010-07-27',4,4,'444','8881','7191'),
(433,'2010-07-28',1,1,'445','8882','7192'),
(434,'2010-07-28',1,2,'446','8883','7193'),
(435,'2010-07-28',1,3,'447','8884','7194'),
(436,'2010-07-28',1,4,'448','8885','7195'),
(437,'2010-07-28',2,1,'449','8886','7196'),
(438,'2010-07-28',2,2,'450','8887','7197'),
(439,'2010-07-28',2,3,'451','8888','7198'),
(440,'2010-07-28',2,4,'452','8889','7199'),
(441,'2010-07-28',3,1,'453','8890','7200'),
(442,'2010-07-28',3,2,'454','8891','7201'),
(443,'2010-07-28',3,3,'455','8892','7202'),
(444,'2010-07-28',3,4,'456','8893','7203'),
(445,'2010-07-28',4,1,'457','8894','7204'),
(446,'2010-07-28',4,2,'458','8895','7205'),
(447,'2010-07-28',4,3,'459','8896','7206'),
(448,'2010-07-28',4,4,'460','8897','7207'),
(449,'2010-07-29',1,1,'461','8898','7208'),
(450,'2010-07-29',1,2,'462','8899','7209'),
(451,'2010-07-29',1,3,'463','8900','7210'),
(452,'2010-07-29',1,4,'464','8901','7211'),
(453,'2010-07-29',2,1,'465','8902','7212'),
(454,'2010-07-29',2,2,'466','8903','7213'),
(455,'2010-07-29',2,3,'467','8904','7214'),
(456,'2010-07-29',2,4,'468','8905','7215'),
(457,'2010-07-29',3,1,'469','8906','7216'),
(458,'2010-07-29',3,2,'470','8907','7217'),
(459,'2010-07-29',3,3,'471','8908','7218'),
(460,'2010-07-29',3,4,'472','8909','7219'),
(461,'2010-07-29',4,1,'473','8910','7220'),
(462,'2010-07-29',4,2,'474','8911','7221'),
(463,'2010-07-29',4,3,'475','8912','7222'),
(464,'2010-07-29',4,4,'476','8913','7223'),
(465,'2010-07-30',1,1,'477','8914','7224'),
(466,'2010-07-30',1,2,'478','8915','7225'),
(467,'2010-07-30',1,3,'479','8916','7226'),
(468,'2010-07-30',1,4,'480','8917','7227'),
(469,'2010-07-30',2,1,'481','8918','7228'),
(470,'2010-07-30',2,2,'482','8919','7229'),
(471,'2010-07-30',2,3,'483','8920','7230'),
(472,'2010-07-30',2,4,'484','8921','7231'),
(473,'2010-07-30',3,1,'485','8922','7232'),
(474,'2010-07-30',3,2,'486','8923','7233'),
(475,'2010-07-30',3,3,'487','8924','7234'),
(476,'2010-07-30',3,4,'488','8925','7235'),
(477,'2010-07-30',4,1,'489','8926','7236'),
(478,'2010-07-30',4,2,'490','8927','7237'),
(479,'2010-07-30',4,3,'491','8928','7238'),
(480,'2010-07-30',4,4,'492','8929','7239'),
(481,'2010-07-31',1,1,'493','8930','7240'),
(482,'2010-07-31',1,2,'494','8931','7241'),
(483,'2010-07-31',1,3,'495','8932','7242'),
(484,'2010-07-31',1,4,'496','8933','7243'),
(485,'2010-07-31',2,1,'497','8934','7244'),
(486,'2010-07-31',2,2,'498','8935','7245'),
(487,'2010-07-31',2,3,'499','8936','7246'),
(488,'2010-07-31',2,4,'500','8937','7247'),
(489,'2010-07-31',3,1,'501','8938','7248'),
(490,'2010-07-31',3,2,'502','8939','7249'),
(491,'2010-07-31',3,3,'503','8940','7250'),
(492,'2010-07-31',3,4,'504','8941','7251'),
(493,'2010-07-31',4,1,'505','8942','7252'),
(494,'2010-07-31',4,2,'506','8943','7253'),
(495,'2010-07-31',4,3,'507','8944','7254'),
(496,'2010-07-31',4,4,'508','8945','7255');

-- -----------------------------------------------------
-- Data for table `auth_group`
-- -----------------------------------------------------
INSERT INTO auth_group (auth_group_id,group_name) VALUES(1,"ゲスト"),(2,"メンバー"),(3,"UL"),(4,"営業管理"),(5,"マネージャー"),(6,"SE"),(7,"SEUL");

-- -----------------------------------------------------
-- Data for table `auth_page`
-- -----------------------------------------------------
INSERT INTO `auth_page` VALUES
(1,'トップ','a/manager',0),
(2,'レポート_全体売上（月別）','a/manager/report/monthly',0),
(3,'レポート_全体売上（日別）','a/manager/report/daily',0),
(4,'レポート_集計データ（プロモーション）','a/manager/report/campaign',0),
(5,'レポート_集計データ（リワード）','a/manager/report/media',0),
(6,'レポート_集計データ（課金）','a/manager/report/analytics/receipt',0),
(7,'レポート_計上（請求）','a/manager/report/charge',0),
(8,'レポート_計上（支払）','a/manager/report/payment',1),
(9,'アカウント管理_アカウント一覧','a/manager/schema/partner',0),
(10,'アカウント管理_アカウント新規登録','a/manager/schema/partner/create',0),
(11,'アカウント管理_アカウント編集','a/manager/schema/partner/update',1),
(12,'アカウント管理_アプリ一覧','a/manager/schema/site',0),
(13,'アカウント管理_アプリ新規登録','a/manager/schema/site/create',0),
(14,'アカウント管理_アプリ編集','a/manager/schema/site/update',0),
(15,'プロモーション管理_プロモーション一覧','a/manager/schema/campaign',0),
(16,'プロモーション管理_プロモーション新規登録','a/manager/schema/site/campaign_create',0),
(17,'プロモーション管理_プロモーション編集','a/manager/schema/campaign/update',0),
(18,'プロモーション管理_サンクス一覧','a/manager/schema/advertisement',0),
(19,'プロモーション管理_サンクス新規登録','a/manager/schema/campaign/advertisement_create',0),
(20,'プロモーション管理_サンクス編集','a/manager/schema/advertisement/update',0),
(21,'リワード管理_リワード一覧','a/manager/schema/media',0),
(22,'リワード管理_リワード新規登録','a/manager/schema/site/media_create',0),
(23,'リワード管理_リワード編集','a/manager/schema/media/update',0),
(24,'リワード管理_特別マージン一覧','a/manager/schema/media/alternative/partner/index',0),
(25,'リワード管理_特別マージン新規登録','a/manager/schema/media/alternative/partner/create',0),
(26,'リワード管理_特別マージン編集','a/manager/schema/media/alternative/partner/update',0),
(27,'アクセス解析_マイレポート','a/manager/analytics',0),
(28,'アクセス解析_ユーザー（セッション）','a/manager/analytics/user',0),
(29,'アクセス解析_ユーザー（ダウンロード）','a/manager/analytics/user/download',0),
(30,'アクセス解析_ユーザー（アクティブユーザー）','a/manager/analytics/user/active_user',0),
(31,'アクセス解析_ユーザー（新規ユーザー）','a/manager/analytics/user/new_user',0),
(32,'アクセス解析_ユーザー（起動時間）','a/manager/analytics/user/session_time',0),
(33,'アクセス解析_ユーザー（フリークエンシー）','a/manager/analytics/user/frequence',0),
(34,'アクセス解析_ユーザー（リテンション）','a/manager/analytics/user/retain',0),
(35,'アクセス解析_ユーザー（カテゴリ）','a/manager/analytics/user/category',0),
(36,'アクセス解析_ユーザー（地域別）','a/manager/analytics/user/region',0),
(37,'その他_リワードプレビュー','a/manager/misc/uri',0),
(38,'その他_アクションプレビュー','a/manager/misc/uri/achieve',0),
(39,'その他_ローカルストレージ管理','a/manager/misc/uri/localstorage',0),
(40,'その他_テストツール','a/manager/misc/achieve/campaign',0),
(41,'その他_成果問合せ','a/manager/misc/achieve/inquiry',0),
(42,'ツール集','a/manager/misc/tools',0),
(43,'パートナーアカウント情報','a/partner/partner',1);

-- -----------------------------------------------------
-- Data for table `auth_group_page`
-- -----------------------------------------------------
INSERT INTO `auth_group_page` VALUES
(1,1,1),
(1,2,1),
(1,3,1),
(1,4,1),
(1,5,1),
(1,6,1),
(1,7,3),
(1,8,3),
(1,9,1),
(1,10,3),
(1,11,3),
(1,12,1),
(1,13,3),
(1,14,1),
(1,15,1),
(1,16,3),
(1,17,1),
(1,18,1),
(1,19,3),
(1,20,1),
(1,21,1),
(1,22,3),
(1,23,1),
(1,24,1),
(1,25,3),
(1,26,3),
(1,27,1),
(1,28,1),
(1,29,1),
(1,30,1),
(1,31,1),
(1,32,1),
(1,33,1),
(1,34,1),
(1,35,1),
(1,36,1),
(1,37,3),
(1,38,3),
(1,39,1),
(1,40,1),
(1,41,1),
(1,42,1),
(1,43,3),
(2,1,1),
(2,2,1),
(2,3,1),
(2,4,1),
(2,5,1),
(2,6,1),
(2,7,3),
(2,8,3),
(2,9,1),
(2,10,3),
(2,11,3),
(2,12,1),
(2,13,1),
(2,14,1),
(2,15,1),
(2,16,1),
(2,17,1),
(2,18,1),
(2,19,1),
(2,20,1),
(2,21,1),
(2,22,1),
(2,23,1),
(2,24,1),
(2,25,3),
(2,26,3),
(2,27,1),
(2,28,1),
(2,29,1),
(2,30,1),
(2,31,1),
(2,32,1),
(2,33,1),
(2,34,1),
(2,35,1),
(2,36,1),
(2,37,1),
(2,38,3),
(2,39,1),
(2,40,1),
(2,41,1),
(2,42,1),
(2,43,3),
(3,1,1),
(3,2,1),
(3,3,1),
(3,4,1),
(3,5,1),
(3,6,1),
(3,7,1),
(3,8,1),
(3,9,1),
(3,10,1),
(3,11,1),
(3,12,1),
(3,13,1),
(3,14,1),
(3,15,1),
(3,16,1),
(3,17,1),
(3,18,1),
(3,19,1),
(3,20,1),
(3,21,1),
(3,22,1),
(3,23,1),
(3,24,1),
(3,25,1),
(3,26,1),
(3,27,1),
(3,28,1),
(3,29,1),
(3,30,1),
(3,31,1),
(3,32,1),
(3,33,1),
(3,34,1),
(3,35,1),
(3,36,1),
(3,37,1),
(3,38,1),
(3,39,1),
(3,40,1),
(3,41,1),
(3,42,1),
(3,43,1),
(4,1,1),
(4,2,1),
(4,3,1),
(4,4,1),
(4,5,1),
(4,6,1),
(4,7,1),
(4,8,1),
(4,9,1),
(4,10,1),
(4,11,1),
(4,12,1),
(4,13,1),
(4,14,1),
(4,15,1),
(4,16,1),
(4,17,1),
(4,18,1),
(4,19,1),
(4,20,1),
(4,21,1),
(4,22,1),
(4,23,1),
(4,24,1),
(4,25,1),
(4,26,1),
(4,27,1),
(4,28,1),
(4,29,1),
(4,30,1),
(4,31,1),
(4,32,1),
(4,33,1),
(4,34,1),
(4,35,1),
(4,36,1),
(4,37,1),
(4,38,1),
(4,39,1),
(4,40,1),
(4,41,1),
(4,42,1),
(4,43,1),
(5,1,1),
(5,2,1),
(5,3,1),
(5,4,1),
(5,5,1),
(5,6,1),
(5,7,1),
(5,8,1),
(5,9,1),
(5,10,1),
(5,11,1),
(5,12,1),
(5,13,1),
(5,14,1),
(5,15,1),
(5,16,1),
(5,17,1),
(5,18,1),
(5,19,1),
(5,20,1),
(5,21,1),
(5,22,1),
(5,23,1),
(5,24,1),
(5,25,1),
(5,26,1),
(5,27,1),
(5,28,1),
(5,29,1),
(5,30,1),
(5,31,1),
(5,32,1),
(5,33,1),
(5,34,1),
(5,35,1),
(5,36,1),
(5,37,1),
(5,38,1),
(5,39,1),
(5,40,1),
(5,41,1),
(5,42,1),
(5,43,1),
(6,1,1),
(6,2,1),
(6,3,1),
(6,4,1),
(6,5,1),
(6,6,1),
(6,7,1),
(6,8,1),
(6,9,1),
(6,10,1),
(6,11,1),
(6,12,1),
(6,13,1),
(6,14,1),
(6,15,1),
(6,16,1),
(6,17,1),
(6,18,1),
(6,19,1),
(6,20,1),
(6,21,1),
(6,22,1),
(6,23,1),
(6,24,1),
(6,25,1),
(6,26,1),
(6,27,1),
(6,28,1),
(6,29,1),
(6,30,1),
(6,31,1),
(6,32,1),
(6,33,1),
(6,34,1),
(6,35,1),
(6,36,1),
(6,37,1),
(6,38,1),
(6,39,1),
(6,40,1),
(6,41,1),
(6,42,1),
(6,43,1),
(7,1,1),
(7,2,1),
(7,3,1),
(7,4,1),
(7,5,1),
(7,6,1),
(7,7,1),
(7,8,1),
(7,9,1),
(7,10,1),
(7,11,1),
(7,12,1),
(7,13,1),
(7,14,1),
(7,15,1),
(7,16,1),
(7,17,1),
(7,18,1),
(7,19,1),
(7,20,1),
(7,21,1),
(7,22,1),
(7,23,1),
(7,24,1),
(7,25,1),
(7,26,1),
(7,27,1),
(7,28,1),
(7,29,1),
(7,30,1),
(7,31,1),
(7,32,1),
(7,33,1),
(7,34,1),
(7,35,1),
(7,36,1),
(7,37,1),
(7,38,1),
(7,39,1),
(7,40,1),
(7,41,1),
(7,42,1),
(7,43,1);

-- -----------------------------------------------------
-- Data for table `auth_user` and `auth_user_page`
-- -----------------------------------------------------
INSERT INTO auth_user (auth_group_id,account,fullname) VALUES(0,"abe_masahiro1","阿部　将大"),(0,"endo_yui","遠藤　由依"),(0,"goto_hitomi","後藤　仁美"),(0,"hirata_seiki","平田　盛己"),(0,"honda_yuko","本田　裕子"),(0,"hosota_shunsuke","細田　俊輔"),(0,"ikemura_takeo","池村　健郎"),(0,"ishii_mika","石井　美香"),(0,"ishimura_kenji","石村　賢治"),(0,"ito_chihiro","伊藤　千裕"),(0,"kamimura_takuya","上村　拓矢"),(0,"kano_shingo","鹿野　晋吾"),(0,"katagiri_machiko","片桐　真智子"),(0,"kawabata_aki","川畑　明希"),(0,"kono_makoto","甲野　誠"),(0,"matsuda_atsushi","松田　淳"),(0,"moroi_toshinari","諸井　登司也"),(0,"murata_yoshiaki","村田　佳朗"),(0,"nagata_eri","永田　江梨"),(0,"nishijima_rie","西島　理恵"),(0,"nishikubo_tsuyoshi","西久保　剛"),(0,"oda_shuhei","小田　修平"),(0,"ohashi_tomoya","大橋　誠也"),(0,"okuma_naohiro","大隈　直寛"),(0,"omata_kaori","小俣　香織"),(0,"osoi_takumi","大副　匠"),(0,"ozeki_yuka","尾関　有香"),(0,"sakurai_yuta","櫻井　裕太"),(0,"sato_koki","佐藤　浩毅"),(0,"seino_mayumi","清野　真弓"),(0,"shigemori_yusuke","重森　佑介"),(0,"shimizu_jun","清水　純"),(0,"shimizu_yoichi","清水　洋一"),(0,"tanaka_shunya","田中　駿也"),(0,"tatsukawa_naoko","立川　奈緒子"),(0,"yamada_jun","山田　純"),(0,"yamamoto_takayoshi","山本　貴義"),(0,"yoshino_junko","吉野　順子"),(0,"zhu_hong","Zhu　Hong"),(0,"zhuang_junjie","Zhuang　Junjie"),(0,"liu_min","Liu　Min");
INSERT INTO auth_user_page (auth_user_id,auth_page_id,auth_role_id) SELECT auth_user_id,auth_page_id,auth_role_id FROM auth_user,auth_group_page WHERE auth_group_page.auth_group_id = 1 and auth_user.auth_group_id = 0;
UPDATE auth_user SET auth_group_id = 1 WHERE auth_group_id = 0;

INSERT INTO auth_user (auth_group_id,account,fullname) VALUES(0,"ito_minami","伊東　美波"),(0,"kitani_risa","木谷　理彩"),(0,"ogura_hirotaka","小倉　広嵩"),(0,"nakagawa_keisuke","中川　桂佑"),(0,"ishida_masa","石田　真麻"),(0,"kikuchi_yoshiyuki","菊地　祥由"),(0,"saito_yumi","齊藤　裕美"),(0,"tamaoki_yodai","玉置　陽大"),(0,"yoshino_ryota","芳野　亮太"),(0,"nakanishi_kyoko","中西　恭子"),(0,"usui_kazutaka","薄井　一高"),(0,"asakura_kensuke","朝倉　健介"),(0,"eki_ryosuke","浴　良介"),(0,"furuhata_tsuyoshi","古畑　毅"),(0,"hirakawa_akira","平川　哲"),(0,"hisaoka_tetsuo","久岡　哲夫"),(0,"hosoda_yusuke","細田　雄介"),(0,"inaba_naoki","稲場　直樹"),(0,"inoue_kazuma","井上　数馬"),(0,"inoue_takahito","井上　孝仁"),(0,"itoi_go","糸井　剛"),(0,"kanda_yuki","神田　佑貴"),(0,"kaneko_fumito","金子　史人"),(0,"kashiwabara_nozomi","柏原　望"),(0,"kitamura_aoki","北村　青樹"),(0,"kobayashi_shun","小林　瞬"),(0,"kubo_keita","久保　圭太"),(0,"maeda_daisuke","前田　大輔"),(0,"nakagawa_natsuko","中川　奈津子"),(0,"nakazato_hiroshi","中里　洋志"),(0,"nishimura_akihiro","西村　彰洋"),(0,"nomura_yoshiyasu","野村　平安"),(0,"ogaki_junichi","大垣　潤一"),(0,"ogasawara_nozomi","小笠原　望"),(0,"okada_katsunobu","岡田　雄伸"),(0,"oyado_masaaki","大屋戸　真章"),(0,"sassa_hiromi","佐々　浩実"),(0,"shoda_yasunori","庄田　泰典"),(0,"suzuki_ryuya","鈴木　竜也"),(0,"takaiwa_yoshiyuki","高岩　善行"),(0,"takegami_takayuki","竹上　貴之"),(0,"taniuchi_ryosuke","谷内　亮介"),(0,"terashima_yuki","寺島　祐毅"),(0,"urushibara_wataru","漆原　渉"),(0,"yano_keita","矢野　慶多"),(0,"yoshimoto_naomi","吉本　奈緒美"),(0,"yui_junki","由井　淳貴");
INSERT INTO auth_user_page (auth_user_id,auth_page_id,auth_role_id) SELECT auth_user_id,auth_page_id,auth_role_id FROM auth_user,auth_group_page WHERE auth_group_page.auth_group_id = 2 and auth_user.auth_group_id = 0;
UPDATE auth_user SET auth_group_id = 2 WHERE auth_group_id = 0;

INSERT INTO auth_user (auth_group_id,account,fullname) VALUES(0,"kawano_takuya","川野　卓也"),(0,"yokota_yuji","横田　雄士"),(0,"yokoyama_yuji","横山　裕治");
INSERT INTO auth_user_page (auth_user_id,auth_page_id,auth_role_id) SELECT auth_user_id,auth_page_id,auth_role_id FROM auth_user,auth_group_page WHERE auth_group_page.auth_group_id = 3 and auth_user.auth_group_id = 0;
UPDATE auth_user SET auth_group_id = 3 WHERE auth_group_id = 0;

INSERT INTO auth_user (auth_group_id,account,fullname) VALUES(0,"miyaori_hirokazu","宮折　宏和"),(0,"abe_masahiro","阿部　正寛"),(0,"azuma_takahiro","東　貴宏"),(0,"ikeda_narishige","池田　成繁"),(0,"koda_masashi","香田　真志"),(0,"sata_ayano","佐田　綾乃"),(0,"chidimatsu_yuya","千々松　佑哉"),(0,"nakakita_kazuyoshi","中耒田　一考"),(0,"sano_takashi","佐野　貴志"),(0,"yako_yoshie","八子　淑恵"),(0,"yonezawa_yuriko","米澤　侑利子");
INSERT INTO auth_user_page (auth_user_id,auth_page_id,auth_role_id) SELECT auth_user_id,auth_page_id,auth_role_id FROM auth_user,auth_group_page WHERE auth_group_page.auth_group_id = 4 and auth_user.auth_group_id = 0;
UPDATE auth_user SET auth_group_id = 4 WHERE auth_group_id = 0;

INSERT INTO auth_user (auth_group_id,account,fullname) VALUES(0,"nishioka_akihiko","西岡　明彦"),(0,"noda_nobuyoshi","野田　順義"),(0,"uehara_koji","上原　浩司"),(0,"yamada_sho","山田　翔");
INSERT INTO auth_user_page (auth_user_id,auth_page_id,auth_role_id) SELECT auth_user_id,auth_page_id,auth_role_id FROM auth_user,auth_group_page WHERE auth_group_page.auth_group_id = 5 and auth_user.auth_group_id = 0;
UPDATE auth_user SET auth_group_id = 5 WHERE auth_group_id = 0;

INSERT INTO auth_user (auth_group_id,account,fullname) VALUES(0,"fujima_daisuke","藤間　大輔"),(0,"kikuchi_jun","菊池　淳"),(0,"kyo_gyogi","キョ　暁毅"),(0,"meng_xiangliang","孟　祥梁"),(0,"onoki_hiroya","小野木　寛弥"),(0,"sawafuji_yuya","澤藤　勇也"),(0,"tobita_hiroaki","飛田　弘明"),(0,"watase_yusuke","渡瀬　勇祐"),(0,"xu_jing","徐　晶"),(0,"yamaguchi_tsubasa","山口　翼"),(0,"yamakawa_toru","山川　亨"),(0,"umetsu_kentaro","梅津　健太郎");
INSERT INTO auth_user_page (auth_user_id,auth_page_id,auth_role_id) SELECT auth_user_id,auth_page_id,auth_role_id FROM auth_user,auth_group_page WHERE auth_group_page.auth_group_id = 6 and auth_user.auth_group_id = 0;
UPDATE auth_user SET auth_group_id = 6 WHERE auth_group_id = 0;

INSERT INTO auth_user (auth_group_id,account,fullname) VALUES(0,"hu_hailin","胡　海麟"),(0,"kajiwara_ryota","梶原　良太"),(0,"konno_hiroyuki","今野　浩之"),(0,"shimizu_yu","清水　優"),(0,"yonemoto_satoshi","米元　智"),(0,"nagakubo_tomohiro","永久保　智宏"),(0,"bai_bing","白　氷");
INSERT INTO auth_user_page (auth_user_id,auth_page_id,auth_role_id) SELECT auth_user_id,auth_page_id,auth_role_id FROM auth_user,auth_group_page WHERE auth_group_page.auth_group_id = 7 and auth_user.auth_group_id = 0;
UPDATE auth_user SET auth_group_id = 7 WHERE auth_group_id = 0;

-- -----------------------------------------------------
-- Data for table `notice`
-- -----------------------------------------------------

START TRANSACTION;
USE `tachyon`;
INSERT INTO `notice` (`category`, `text`, `last_update`) VALUES ('OfferWall', NULL, '2015-01-01 00:00:00');
INSERT INTO `notice` (`category`, `text`, `last_update`) VALUES ('Partner', NULL, '2015-01-01 00:00:00');

commit;

-- -----------------------------------------------------
-- Data for table `media_alternative_to_partner`
-- -----------------------------------------------------

START TRANSACTION;
USE `tachyon`;
INSERT INTO `media_alternative_to_partner` (`media_id`, `partner_id`, `margin`, `additional_margin`, `last_update`) VALUES (1, 1, 0.7000, 0, '2019-05-29 00:00:00');
INSERT INTO `media_alternative_to_partner` (`media_id`, `partner_id`, `margin`, `additional_margin`, `last_update`) VALUES (2, 1, 0.9500, 0, '2019-05-29 00:00:00');

commit;

-- -----------------------------------------------------
-- Data for table `media_alternative_to_advertisement`
-- -----------------------------------------------------

START TRANSACTION;
USE `tachyon`;
INSERT INTO `media_alternative_to_advertisement` (`media_id`, `advertisement_id`, `margin`, `additional_margin`, `last_update`) VALUES (1, 1, 0.7000, 0, '2019-05-29 00:00:00');
INSERT INTO `media_alternative_to_advertisement` (`media_id`, `advertisement_id`, `margin`, `additional_margin`, `last_update`) VALUES (2, 1, 0.9500, 0, '2019-05-29 00:00:00');

commit;
